Player_Name,matches,catches,stumps,odi_year
Martin Guptill,198,104,0,2018-2018
Colin Munro,57,22,0,2018-2018
Kane Williamson,161,64,0,2018-2018
Ross Taylor,236,142,0,2018-2018
Tom Latham,130,111,15,2018-2018
Henry Nicholls,66,24,0,2018-2018
Mitchell Santner,93,37,0,2018-2018
Tim Southee,154,43,0,2018-2018
Todd Astle,9,2,0,2018-2018
Azhar Ali,53,8,0,2018-2018
Fakhar Zaman,70,33,0,2018-2018
Babar Azam,100,45,0,2018-2018
Mohammad Hafeez,218,85,0,2018-2018
Shoaib Malik,287,98,0,2018-2018
Sarfaraz Ahmed,117,119,24,2018-2018
Shadab Khan,56,14,0,2018-2018
Faheem Ashraf,31,8,0,2018-2018
Mohammad Amir,61,8,0,2018-2018
Rumman Raees,9,2,0,2018-2018
Hasan Ali,60,13,0,2018-2018
Trent Boult,99,37,0,2018-2018
Lockie Ferguson,53,12,0,2018-2018
Imam-ul-Haq,59,10,0,2018-2018
Ashfaq Ahmed,16,6,0,2018-2018
Rohan Mustafa,81,35,0,2018-2018
Ghulam Shabber,23,30,2,2018-2018
Rameez Shahzad,26,6,0,2018-2018
Muhammad Usman,38,11,0,2018-2018
Mohammad Boota,9,0,1,2018-2018
Adnan Mufti,18,4,0,2018-2018
Mohammad Naveed,39,6,0,2018-2018
Ahmed Raza,53,25,0,2018-2018
Zahoor Khan,59,13,0,2018-2018
Qadeer Ahmed,11,1,0,2018-2018
William Porterfield,148,68,0,2018-2018
Paul Stirling,154,57,0,2018-2018
Andy Balbirnie,101,32,0,2018-2018
Ed Joyce,78,27,0,2018-2018
Niall O'Brien,103,90,14,2018-2018
Kevin O'Brien,153,67,0,2018-2018
Gary Wilson,105,73,10,2018-2018
George Dockrell,117,43,0,2018-2018
Boyd Rankin,75,17,0,2018-2018
Barry McCarthy,42,12,0,2018-2018
Peter Chase,25,5,0,2018-2018
Stuart Poynter,21,22,1,2018-2018
Andy McBrine,82,32,0,2018-2018
Aaron Finch,146,71,0,2018-2018
David Warner,142,62,0,2018-2018
Steven Smith,142,81,0,2018-2018
Travis Head,54,14,0,2018-2018
Mitchell Marsh,72,31,0,2018-2018
Marcus Stoinis,60,15,0,2018-2018
Tim Paine,35,51,4,2018-2018
Pat Cummins,75,19,0,2018-2018
Mitchell Starc,110,38,0,2018-2018
Andrew Tye,7,1,0,2018-2018
Jason Roy,116,46,0,2018-2018
Jonny Bairstow,95,48,3,2018-2018
Alex Hales,70,27,0,2018-2018
Joe Root,158,78,0,2018-2018
Eoin Morgan,248,87,0,2018-2018
Jos Buttler,165,204,34,2018-2018
Moeen Ali,129,42,0,2018-2018
Chris Woakes,112,47,0,2018-2018
Mark Wood,59,13,0,2018-2018
Liam Plunkett,89,26,0,2018-2018
Adil Rashid,125,40,0,2018-2018
Adam Zampa,79,16,0,2018-2018
Hamilton Masakadza,209,71,0,2018-2018
Solomon Mire,47,12,0,2018-2018
Craig Ervine,116,54,0,2018-2018
Brendan Taylor,205,133,29,2018-2018
Sikandar Raza,136,54,0,2018-2018
Malcolm Waller,79,22,0,2018-2018
Peter Moor,49,22,1,2018-2018
Graeme Cremer,96,37,0,2018-2018
Kyle Jarvis,49,11,0,2018-2018
Tendai Chatara,87,8,0,2018-2018
Blessing Muzarabani,42,13,0,2018-2018
Tamim Iqbal,241,68,0,2018-2018
Anamul Haque,44,12,0,2018-2018
Shakib Al Hasan,235,56,0,2018-2018
Mushfiqur Rahim,251,217,54,2018-2018
Sunzamul Islam,3,0,0,2018-2018
Mashrafe Mortaza,220,62,0,2018-2018
Mustafizur Rahman,89,15,0,2018-2018
Rubel Hossain,104,20,0,2018-2018
Nasir Hossain,65,34,0,2018-2018
Haris Sohail,45,17,0,2018-2018
Colin de Grandhomme,45,17,0,2018-2018
George Munsey,53,26,0,2018-2018
Michael Jones,12,4,0,2018-2018
Matthew Cross,90,118,7,2018-2018
Richie Berrington,112,38,0,2018-2018
Calum MacLeod,88,53,0,2018-2018
Safyaan Sharif,77,20,0,2018-2018
Craig Wallace,32,17,2,2018-2018
Tom Sole,10,7,0,2018-2018
Mark Watt,61,16,0,2018-2018
Alasdair Evans,42,9,0,2018-2018
Stuart Whittingham,5,3,0,2018-2018
Kusal Perera,107,47,3,2018-2018
Upul Tharanga,235,50,0,2018-2018
Kusal Mendis,106,67,3,2018-2018
Angelo Mathews,221,53,0,2018-2018
Dinesh Chandimal,157,62,8,2018-2018
Asela Gunaratne,31,10,0,2018-2018
Thisara Perera,166,62,0,2018-2018
Wanindu Hasaranga,48,15,0,2018-2018
Akila Dananjaya,39,14,0,2018-2018
Suranga Lakmal,86,20,0,2018-2018
Dushmantha Chameera,44,7,0,2018-2018
Simi Singh,35,13,0,2018-2018
Michael Leask,69,30,0,2018-2018
Scott Cameron,2,1,0,2018-2018
Umar Amin,16,6,0,2018-2018
Aamer Yamin,4,0,0,2018-2018
Mohammad Nawaz,28,12,0,2018-2018
Matt Henry,72,23,0,2018-2018
Cameron White,91,37,0,2018-2018
Alex Carey,64,73,8,2018-2018
Jhye Richardson,15,5,0,2018-2018
Mahmudullah,218,76,0,2018-2018
Sabbir Rahman,66,37,0,2018-2018
Mohammad Saifuddin,29,4,0,2018-2018
Niroshan Dickwella,55,41,11,2018-2018
Nuwan Pradeep,49,7,0,2018-2018
Josh Hazlewood,69,22,0,2018-2018
Kyle Coetzer,89,26,0,2018-2018
Shaiman Anwar,40,12,0,2018-2018
Lakshan Sandakan,31,8,0,2018-2018
Amir Hayat,9,4,0,2018-2018
Imran Haider,20,5,0,2018-2018
Abul Hasan,7,1,0,2018-2018
Danushka Gunathilaka,47,14,0,2018-2018
Tom Curran,28,5,0,2018-2018
Shehan Madushanka,1,0,0,2018-2018
Mohammad Mithun,34,7,0,2018-2018
Mehidy Hasan Miraz,77,33,0,2018-2018
David Willey,64,26,0,2018-2018
Jake Ball,18,5,0,2018-2018
Glenn Maxwell,128,79,0,2018-2018
Quinton de Kock,140,183,14,2018-2018
Hashim Amla,181,87,0,2018-2018
Faf du Plessis,143,81,0,2018-2018
Aiden Markram,50,20,0,2018-2018
Jean-Paul Duminy,199,82,0,2018-2018
David Miller,155,69,0,2018-2018
Chris Morris,42,9,0,2018-2018
Andile Phehlukwayo,74,16,0,2018-2018
Kagiso Rabada,89,31,0,2018-2018
Morne Morkel,117,31,0,2018-2018
Rohit Sharma,243,87,0,2018-2018
Shikhar Dhawan,167,83,0,2018-2018
Virat Kohli,274,141,0,2018-2018
Ajinkya Rahane,90,48,0,2018-2018
Hardik Pandya,74,30,0,2018-2018
MS Dhoni,350,321,123,2018-2018
Bhuvneshwar Kumar,121,29,0,2018-2018
Jasprit Bumrah,72,17,0,2018-2018
Yuzvendra Chahal,72,16,0,2018-2018
Kuldeep Yadav,81,12,0,2018-2018
Kedar Jadhav,73,33,0,2018-2018
Imran Tahir,107,25,0,2018-2018
Khaya Zondo,6,1,0,2018-2018
Tabraiz Shamsi,44,8,0,2018-2018
Heinrich Klaasen,36,34,5,2018-2018
Lungi Ngidi,45,11,0,2018-2018
Mohammad Shahzad,84,64,25,2018-2018
Ihsanullah,16,10,0,2018-2018
Rahmat Shah,94,24,0,2018-2018
Asghar Afghan,114,24,0,2018-2018
Nasir Jamal,16,4,0,2018-2018
Najibullah Zadran,88,39,0,2018-2018
Ryan Burl,47,20,0,2018-2018
Brian Vitori,24,4,0,2018-2018
Mujeeb Ur Rahman,61,10,0,2018-2018
Dawlat Zadran,82,16,0,2018-2018
Mohammad Nabi,142,61,0,2018-2018
Gulbadin Naib,76,22,0,2018-2018
Rashid Khan,89,27,0,2018-2018
Shreyas Iyer,42,16,0,2018-2018
AB de Villiers,228,176,5,2018-2018
Tarisai Musakanda,16,12,0,2018-2018
Sharafuddin Ashraf,19,5,0,2018-2018
Farhaan Behardien,59,27,0,2018-2018
Shardul Thakur,35,7,0,2018-2018
Javed Ahmadi,47,11,0,2018-2018
Samiullah Shinwari,84,21,0,2018-2018
Tendai Chisoro,21,6,0,2018-2018
Shapoor Zadran,44,5,0,2018-2018
Ben Stokes,105,49,0,2018-2018
Ish Sodhi,46,10,0,2018-2018
Mark Chapman,12,3,0,2018-2018
Brad Wheal,13,3,0,2018-2018
Vani Morea,13,7,0,2018-2018
Lega Siaka,47,17,0,2018-2018
Assad Vala,66,34,0,2018-2018
Sese Bau,57,20,0,2018-2018
Mahuru Dai,18,8,0,2018-2018
Charles Amini,49,21,0,2018-2018
Jason Kila,13,3,0,2018-2018
Jack Vare,9,6,3,2018-2018
Chad Soper,56,14,0,2018-2018
Norman Vanua,57,16,0,2018-2018
Alei Nao,26,10,0,2018-2018
Nizakat Khan,20,9,0,2018-2018
Aizaz Khan,19,3,0,2018-2018
Babar Hayat,22,11,0,2018-2018
Anshy Rath,18,5,0,2018-2018
Scott McKechnie,8,8,1,2018-2018
Shahid Wasif,10,2,0,2018-2018
Waqas Barkat,10,3,0,2018-2018
Tanwir Afzal,20,3,0,2018-2018
Ehsan Khan,15,3,0,2018-2018
Ehsan Nawaz,12,2,0,2018-2018
Nadeem Ahmed,25,12,0,2018-2018
Tony Ura,61,26,0,2018-2018
Tim Murtagh,58,16,0,2018-2018
Chris Gayle,301,124,0,2018-2018
Evin Lewis,57,20,0,2018-2018
Shimron Hetmyer,47,19,0,2018-2018
Marlon Samuels,207,50,0,2018-2018
Shai Hope,115,120,12,2018-2018
Jason Holder,138,65,0,2018-2018
Ashley Nurse,54,15,0,2018-2018
Chirag Suri,37,10,0,2018-2018
Sheldon Cottrell,38,19,0,2018-2018
Kemar Roach,95,22,0,2018-2018
Jason Mohammed,36,4,0,2018-2018
Nikita Miller,50,18,0,2018-2018
Cephas Zhuwao,9,1,0,2018-2018
Kesrick Williams,8,0,0,2018-2018
Carlos Brathwaite,44,11,0,2018-2018
Rovman Powell,50,15,0,2018-2018
Sean Williams,156,58,0,2018-2018
Keemo Paul,30,15,0,2018-2018
Chris Sole,30,9,0,2018-2018
Kiplin Doriga,39,19,6,2018-2018
John Reva,9,1,0,2018-2018
Damien Ravu,18,2,0,2018-2018
Kinchit Shah,10,1,0,2018-2018
Simandeep Singh,1,0,0,2018-2018
Tanveer Ahmed,6,3,0,2018-2018
Devendra Bishoo,42,7,0,2018-2018
Dylan Budge,17,8,0,2018-2018
Sam Billings,28,19,1,2018-2018
Shaun Marsh,73,22,0,2018-2018
Ashton Agar,21,10,0,2018-2018
Michael Neser,2,0,0,2018-2018
Kane Richardson,25,7,0,2018-2018
Billy Stanlake,7,1,0,2018-2018
D'Arcy Short,8,2,0,2018-2018
Nathan Lyon,29,7,0,2018-2018
Craig Overton,7,4,0,2018-2018
Sam Curran,23,5,0,2018-2018
KL Rahul,54,32,2,2018-2018
Umesh Yadav,75,22,0,2018-2018
Siddarth Kaul,3,1,0,2018-2018
Suresh Raina,226,102,0,2018-2018
Asif Ali,21,6,0,2018-2018
Brian Chari,14,3,1,2018-2018
Chamu Chibhabha,109,34,0,2018-2018
Ryan Murray,5,3,0,2018-2018
Donald Tiripano,38,5,0,2018-2018
Liam Roche,3,1,0,2018-2018
Wellington Masakadza,35,10,0,2018-2018
Usman Shinwari,17,3,0,2018-2018
Dinesh Karthik,94,64,7,2018-2018
James Vince,25,10,0,2018-2018
Prince Masvaure,2,0,0,2018-2018
Elton Chigumbura,213,72,0,2018-2018
Richard Ngarava,39,6,0,2018-2018
Junaid Khan,76,8,0,2018-2018
Yasir Shah,25,6,0,2018-2018
Tinashe Kamunhukamwe,7,1,0,2018-2018
Chris Mpofu,84,11,0,2018-2018
Andre Russell,56,11,0,2018-2018
Alzarri Joseph,61,19,0,2018-2018
Mosaddek Hossain,43,18,0,2018-2018
Kieran Powell,46,14,0,2018-2018
Shehan Jayasuriya,12,1,0,2018-2018
Lahiru Kumara,26,6,0,2018-2018
Wiaan Mulder,12,5,0,2018-2018
Stephan Myburgh,22,4,0,2018-2018
Daniel ter Braak,2,0,0,2018-2018
Ben Cooper,13,2,0,2018-2018
Wesley Barresi,45,20,8,2018-2018
Bas de Leede,30,14,0,2018-2018
Michael Rippon,9,4,0,2018-2018
Pieter Seelaar,57,18,0,2018-2018
Scott Edwards,38,36,6,2018-2018
Shane Snater,4,5,0,2018-2018
Fred Klaassen,19,5,0,2018-2018
Paul van Meekeren,13,4,0,2018-2018
Gyanendra Malla,37,13,0,2018-2018
Anil Sah,4,3,0,2018-2018
Paras Khadka,10,7,0,2018-2018
Dipendra Singh Airee,50,26,0,2018-2018
Aarif Sheikh,47,21,0,2018-2018
Sompal Kami,47,10,0,2018-2018
Basant Regmi,4,0,0,2018-2018
Shakti Gauchan,1,1,0,2018-2018
Karan KC,46,6,0,2018-2018
Sandeep Lamichhane,49,8,0,2018-2018
Sharad Vesawkar,4,1,0,2018-2018
Prabath Jayasuriya,2,0,0,2018-2018
Kasun Rajitha,24,2,0,2018-2018
Subash Khakurel,6,0,1,2018-2018
Rohit Paudel,52,13,0,2018-2018
Lalit Bhandari,1,0,0,2018-2018
Reeza Hendricks,27,16,0,2018-2018
Dhananjaya de Silva,76,35,0,2018-2018
Dasun Shanaka,61,15,0,2018-2018
Keshav Maharaj,27,4,0,2018-2018
Junior Dala,2,1,0,2018-2018
Hazratullah Zazai,16,3,0,2018-2018
Hashmatullah Shahidi,59,13,0,2018-2018
Shafiqullah,24,11,3,2018-2018
Aftab Alam,27,6,0,2018-2018
Abdul Shakoor,3,4,1,2018-2018
Sagar Pun,1,0,0,2018-2018
Litton Das,72,47,3,2018-2018
Dilruwan Perera,13,2,0,2018-2018
Amila Aponso,9,0,0,2018-2018
Lasith Malinga,226,31,0,2018-2018
Christopher Carter,11,10,2,2018-2018
Ambati Rayudu,55,17,0,2018-2018
Khaleel Ahmed,11,1,0,2018-2018
Najmul Hossain Shanto,27,8,0,2018-2018
Mominul Haque,28,4,0,2018-2018
Abu Hider,2,1,0,2018-2018
Ravindra Jadeja,174,65,0,2018-2018
Shaheen Shah Afridi,36,7,0,2018-2018
Imrul Kayes,78,21,0,2018-2018
Nazmul Islam,5,2,0,2018-2018
Manish Pandey,29,10,0,2018-2018
Deepak Chahar,13,1,0,2018-2018
Soumya Sarkar,61,34,0,2018-2018
Brandon Mavuta,9,2,0,2018-2018
Dean Elgar,8,4,0,2018-2018
Christiaan Jonker,2,0,0,2018-2018
Dale Steyn,125,28,0,2018-2018
Liam Dawson,6,2,0,2018-2018
Olly Stone,8,0,0,2018-2018
Sadeera Samarawickrama,17,1,0,2018-2018
Chandrapaul Hemraj,6,2,0,2018-2018
Mohammed Shami,90,29,0,2018-2018
Oshane Thomas,20,0,0,2018-2018
Fazle Mahmud,2,1,0,2018-2018
Rishabh Pant,30,26,1,2018-2018
Obed McCoy,2,0,0,2018-2018
Ariful Haque,1,0,0,2018-2018
Fabian Allen,20,10,0,2018-2018
Chris Lynn,4,3,0,2018-2018
Nathan Coulter-Nile,32,7,0,2018-2018
George Worker,10,5,0,2018-2018
Imad Wasim,55,12,0,2018-2018
Dwaine Pretorius,27,11,0,2018-2018
Darren Bravo,122,35,0,2018-2018
Roston Chase,42,18,0,2018-2018
Martin Guptill,198,104,0,2019-2019
Colin Munro,57,22,0,2019-2019
Kane Williamson,161,64,0,2019-2019
Ross Taylor,236,142,0,2019-2019
Henry Nicholls,66,24,0,2019-2019
Tim Seifert,3,7,1,2019-2019
James Neesham,73,26,0,2019-2019
Matt Henry,72,23,0,2019-2019
Ish Sodhi,46,10,0,2019-2019
Niroshan Dickwella,55,41,11,2019-2019
Danushka Gunathilaka,47,14,0,2019-2019
Kusal Perera,107,47,3,2019-2019
Kusal Mendis,106,67,3,2019-2019
Dinesh Chandimal,157,62,8,2019-2019
Asela Gunaratne,31,10,0,2019-2019
Thisara Perera,166,62,0,2019-2019
Seekkuge Prasanna,40,7,0,2019-2019
Lasith Malinga,226,31,0,2019-2019
Lakshan Sandakan,31,8,0,2019-2019
Nuwan Pradeep,49,7,0,2019-2019
Trent Boult,99,37,0,2019-2019
Lockie Ferguson,53,12,0,2019-2019
Tim Southee,154,43,0,2019-2019
Dhananjaya de Silva,76,35,0,2019-2019
Dasun Shanaka,61,15,0,2019-2019
Dushmantha Chameera,44,7,0,2019-2019
Alex Carey,64,73,8,2019-2019
Aaron Finch,146,71,0,2019-2019
Usman Khawaja,40,13,0,2019-2019
Shaun Marsh,73,22,0,2019-2019
Peter Handscomb,22,14,0,2019-2019
Marcus Stoinis,60,15,0,2019-2019
Glenn Maxwell,128,79,0,2019-2019
Rohit Sharma,243,87,0,2019-2019
Shikhar Dhawan,167,83,0,2019-2019
Virat Kohli,274,141,0,2019-2019
Ambati Rayudu,55,17,0,2019-2019
MS Dhoni,350,321,123,2019-2019
Dinesh Karthik,94,64,7,2019-2019
Ravindra Jadeja,174,65,0,2019-2019
Bhuvneshwar Kumar,121,29,0,2019-2019
Kuldeep Yadav,81,12,0,2019-2019
Mohammed Shami,90,29,0,2019-2019
Khaleel Ahmed,11,1,0,2019-2019
Jason Behrendorff,12,3,0,2019-2019
Jhye Richardson,15,5,0,2019-2019
Peter Siddle,20,1,0,2019-2019
Nathan Lyon,29,7,0,2019-2019
Mohammed Siraj,24,5,0,2019-2019
Adam Zampa,79,16,0,2019-2019
Billy Stanlake,7,1,0,2019-2019
Kedar Jadhav,73,33,0,2019-2019
Vijay Shankar,12,7,0,2019-2019
Yuzvendra Chahal,72,16,0,2019-2019
Hashim Amla,181,87,0,2019-2019
Reeza Hendricks,27,16,0,2019-2019
Rassie van der Dussen,45,19,0,2019-2019
David Miller,155,69,0,2019-2019
Imam-ul-Haq,59,10,0,2019-2019
Fakhar Zaman,70,33,0,2019-2019
Babar Azam,100,45,0,2019-2019
Mohammad Hafeez,218,85,0,2019-2019
Shoaib Malik,287,98,0,2019-2019
Sarfaraz Ahmed,117,119,24,2019-2019
Shadab Khan,56,14,0,2019-2019
Faheem Ashraf,31,8,0,2019-2019
Usman Shinwari,17,3,0,2019-2019
Imad Wasim,55,12,0,2019-2019
Hasan Ali,60,13,0,2019-2019
Kagiso Rabada,89,31,0,2019-2019
Duanne Olivier,2,0,0,2019-2019
Dwaine Pretorius,27,11,0,2019-2019
Andile Phehlukwayo,74,16,0,2019-2019
Imran Tahir,107,25,0,2019-2019
Hussain Talat,1,0,0,2019-2019
Shaheen Shah Afridi,36,7,0,2019-2019
Faf du Plessis,143,81,0,2019-2019
Heinrich Klaasen,36,34,5,2019-2019
Dane Paterson,4,2,0,2019-2019
Tabraiz Shamsi,44,8,0,2019-2019
Tom Latham,130,111,15,2019-2019
Mitchell Santner,93,37,0,2019-2019
Doug Bracewell,21,5,0,2019-2019
Gyanendra Malla,37,13,0,2019-2019
Binod Bhandari,17,21,1,2019-2019
Paras Khadka,10,7,0,2019-2019
Sompal Kami,47,10,0,2019-2019
Dipendra Singh Airee,50,26,0,2019-2019
Aarif Sheikh,47,21,0,2019-2019
Pawan Sarraf,8,2,0,2019-2019
Karan KC,46,6,0,2019-2019
Basant Regmi,4,0,0,2019-2019
Sandeep Lamichhane,49,8,0,2019-2019
Lalit Rajbanshi,21,6,0,2019-2019
Ashfaq Ahmed,16,6,0,2019-2019
Chirag Suri,37,10,0,2019-2019
Ghulam Shabber,23,30,2,2019-2019
Shaiman Anwar,40,12,0,2019-2019
Muhammad Usman,38,11,0,2019-2019
Fahad Nawaz,2,0,0,2019-2019
Mohammad Boota,9,0,1,2019-2019
Amir Hayat,9,4,0,2019-2019
Imran Haider,20,5,0,2019-2019
Mohammad Naveed,39,6,0,2019-2019
Qadeer Ahmed,11,1,0,2019-2019
Quinton de Kock,140,183,14,2019-2019
Dale Steyn,125,28,0,2019-2019
Beuran Hendricks,8,2,0,2019-2019
Mohammad Amir,61,8,0,2019-2019
Colin de Grandhomme,45,17,0,2019-2019
Rohit Paudel,52,13,0,2019-2019
Chundangapoyil Rizwan,41,9,0,2019-2019
Zahoor Khan,59,13,0,2019-2019
Mohammad Rizwan,57,52,2,2019-2019
Hardik Pandya,74,30,0,2019-2019
Sundeep Jora,5,1,0,2019-2019
Wiaan Mulder,12,5,0,2019-2019
Shubman Gill,24,15,0,2019-2019
Todd Astle,9,2,0,2019-2019
Tamim Iqbal,241,68,0,2019-2019
Litton Das,72,47,3,2019-2019
Soumya Sarkar,61,34,0,2019-2019
Mushfiqur Rahim,251,217,54,2019-2019
Mohammad Mithun,34,7,0,2019-2019
Mahmudullah,218,76,0,2019-2019
Sabbir Rahman,66,37,0,2019-2019
Mehidy Hasan Miraz,77,33,0,2019-2019
Mohammad Saifuddin,29,4,0,2019-2019
Mashrafe Mortaza,220,62,0,2019-2019
Mustafizur Rahman,89,15,0,2019-2019
Rubel Hossain,104,20,0,2019-2019
Chris Gayle,301,124,0,2019-2019
John Campbell,6,0,0,2019-2019
Shai Hope,115,120,12,2019-2019
Shimron Hetmyer,47,19,0,2019-2019
Nicholas Pooran,61,23,2,2019-2019
Darren Bravo,122,35,0,2019-2019
Jason Holder,138,65,0,2019-2019
Carlos Brathwaite,44,11,0,2019-2019
Ashley Nurse,54,15,0,2019-2019
Devendra Bishoo,42,7,0,2019-2019
Jason Roy,116,46,0,2019-2019
Jonny Bairstow,95,48,3,2019-2019
Joe Root,158,78,0,2019-2019
Eoin Morgan,248,87,0,2019-2019
Ben Stokes,105,49,0,2019-2019
Jos Buttler,165,204,34,2019-2019
Chris Woakes,112,47,0,2019-2019
Mark Wood,59,13,0,2019-2019
Moeen Ali,129,42,0,2019-2019
Liam Plunkett,89,26,0,2019-2019
Adil Rashid,125,40,0,2019-2019
Oshane Thomas,20,0,0,2019-2019
Tom Curran,28,5,0,2019-2019
Sheldon Cottrell,38,19,0,2019-2019
Alex Hales,70,27,0,2019-2019
William Porterfield,148,68,0,2019-2019
Paul Stirling,154,57,0,2019-2019
Andy Balbirnie,101,32,0,2019-2019
James McCollum,10,2,0,2019-2019
Kevin O'Brien,153,67,0,2019-2019
Simi Singh,35,13,0,2019-2019
Stuart Poynter,21,22,1,2019-2019
George Dockrell,117,43,0,2019-2019
Barry McCarthy,42,12,0,2019-2019
Tim Murtagh,58,16,0,2019-2019
Boyd Rankin,75,17,0,2019-2019
Mohammad Shahzad,84,64,25,2019-2019
Hazratullah Zazai,16,3,0,2019-2019
Rahmat Shah,94,24,0,2019-2019
Hashmatullah Shahidi,59,13,0,2019-2019
Gulbadin Naib,76,22,0,2019-2019
Asghar Afghan,114,24,0,2019-2019
Najibullah Zadran,88,39,0,2019-2019
Dawlat Zadran,82,16,0,2019-2019
Mujeeb Ur Rahman,61,10,0,2019-2019
Mohammad Nabi,142,61,0,2019-2019
Rashid Khan,89,27,0,2019-2019
Ashton Turner,9,4,0,2019-2019
Nathan Coulter-Nile,32,7,0,2019-2019
Pat Cummins,75,19,0,2019-2019
Jasprit Bumrah,72,17,0,2019-2019
Upul Tharanga,235,50,0,2019-2019
Oshada Fernando,8,1,0,2019-2019
Akila Dananjaya,39,14,0,2019-2019
Vishwa Fernando,8,0,0,2019-2019
Lungi Ngidi,45,11,0,2019-2019
Anrich Nortje,21,3,0,2019-2019
Samiullah Shinwari,84,21,0,2019-2019
Andy McBrine,82,32,0,2019-2019
James Cameron-Dow,4,2,0,2019-2019
Avishka Fernando,29,14,0,2019-2019
Kasun Rajitha,24,2,0,2019-2019
Noor Ali Zadran,51,15,0,2019-2019
Ikram Alikhil,12,3,3,2019-2019
Aftab Alam,27,6,0,2019-2019
Javed Ahmadi,47,11,0,2019-2019
Shapoor Zadran,44,5,0,2019-2019
Zahir Khan,1,0,0,2019-2019
KL Rahul,54,32,2,2019-2019
Rishabh Pant,30,26,1,2019-2019
Kamindu Mendis,7,2,0,2019-2019
Isuru Udana,21,6,0,2019-2019
Priyamal Perera,2,1,0,2019-2019
Aiden Markram,50,20,0,2019-2019
Jean-Paul Duminy,199,82,0,2019-2019
Angelo Perera,6,1,0,2019-2019
Shan Masood,9,2,0,2019-2019
Haris Sohail,45,17,0,2019-2019
Umar Akmal,121,77,13,2019-2019
Mohammad Abbas,3,0,0,2019-2019
Yasir Shah,25,6,0,2019-2019
Mohammad Hasnain,9,2,0,2019-2019
Junaid Khan,76,8,0,2019-2019
Abid Ali,6,3,0,2019-2019
Syed Saad Ali,2,0,0,2019-2019
Kane Richardson,25,7,0,2019-2019
Rohan Mustafa,81,35,0,2019-2019
Sultan Ahmed,2,0,0,2019-2019
Solomon Mire,47,12,0,2019-2019
Regis Chakabva,61,53,5,2019-2019
Craig Ervine,116,54,0,2019-2019
Sean Williams,156,58,0,2019-2019
Timycen Maruma,22,12,0,2019-2019
Kyle Jarvis,49,11,0,2019-2019
Tendai Chatara,87,8,0,2019-2019
Donald Tiripano,38,5,0,2019-2019
Sikandar Raza,136,54,0,2019-2019
Brandon Mavuta,9,2,0,2019-2019
Peter Moor,49,22,1,2019-2019
Chris Mpofu,84,11,0,2019-2019
Ryan Burl,47,20,0,2019-2019
Brian Chari,14,3,1,2019-2019
Stephan Baard,19,5,0,2019-2019
Karl Birkenstock,20,8,0,2019-2019
JP Kotze,8,0,0,2019-2019
Gerhard Erasmus,40,22,0,2019-2019
Craig Williams,18,6,0,2019-2019
JJ Smit,29,9,0,2019-2019
Zane Green,33,39,4,2019-2019
Christi Viljoen,2,2,0,2019-2019
Jan Frylinck,28,11,0,2019-2019
Khawar Ali,34,19,0,2019-2019
Jatinder Singh,46,15,0,2019-2019
Aqib Ilyas,25,6,0,2019-2019
Zeeshan Maqsood,42,22,0,2019-2019
Mohammad Nadeem,34,6,0,2019-2019
Suraj Kumar,24,18,2,2019-2019
Sandeep Goud,36,18,0,2019-2019
Khurram Nawaz,3,1,0,2019-2019
Fayyaz Butt,23,5,0,2019-2019
Kaleemullah,39,9,0,2019-2019
Bilal Khan,45,4,0,2019-2019
Bernard Scholtz,41,5,0,2019-2019
Pikky Ya France,25,7,0,2019-2019
Xavier Marshall,37,12,0,2019-2019
Monank Patel,47,33,2,2019-2019
Steven Taylor,45,20,0,2019-2019
Aaron Jones,43,14,0,2019-2019
Jaskaran Malhotra,18,10,1,2019-2019
Hayden Walsh,22,4,0,2019-2019
Timil Patel,7,2,0,2019-2019
Karima Gore,16,6,0,2019-2019
Jessy Singh,24,5,0,2019-2019
Saurabh Netravalkar,48,15,0,2019-2019
Ali Khan,15,2,0,2019-2019
Tony Ura,61,26,0,2019-2019
Assad Vala,66,34,0,2019-2019
Charles Amini,49,21,0,2019-2019
Chad Soper,56,14,0,2019-2019
Lega Siaka,47,17,0,2019-2019
Sese Bau,57,20,0,2019-2019
Norman Vanua,57,16,0,2019-2019
Nosaina Pokana,21,7,0,2019-2019
Damien Ravu,18,2,0,2019-2019
Lorcan Tucker,44,59,3,2019-2019
Gary Wilson,105,73,10,2019-2019
Mark Adair,41,18,0,2019-2019
Josh Little,32,4,0,2019-2019
James Vince,25,10,0,2019-2019
Dawid Malan,18,7,0,2019-2019
Joe Denly,16,7,0,2019-2019
Ben Foakes,1,2,1,2019-2019
David Willey,64,26,0,2019-2019
Jofra Archer,21,6,0,2019-2019
Kemar Roach,95,22,0,2019-2019
Shannon Gabriel,25,1,0,2019-2019
Sunil Ambris,16,2,0,2019-2019
Roston Chase,42,18,0,2019-2019
Jonathan Carter,33,7,0,2019-2019
Shane Dowrich,1,0,0,2019-2019
Shakib Al Hasan,235,56,0,2019-2019
Matthew Cross,90,118,7,2019-2019
Kyle Coetzer,89,26,0,2019-2019
Calum MacLeod,88,53,0,2019-2019
Richie Berrington,112,38,0,2019-2019
George Munsey,53,26,0,2019-2019
Craig Wallace,32,17,2,2019-2019
Tom Sole,10,7,0,2019-2019
Safyaan Sharif,77,20,0,2019-2019
Hamid Hassan,38,5,0,2019-2019
Sharafuddin Ashraf,19,5,0,2019-2019
Brad Wheal,13,3,0,2019-2019
Alasdair Evans,42,9,0,2019-2019
Mark Watt,61,16,0,2019-2019
Fabian Allen,20,10,0,2019-2019
Asif Ali,21,6,0,2019-2019
Raymon Reifer,6,0,0,2019-2019
Abu Jayed,2,0,0,2019-2019
Mosaddek Hossain,43,18,0,2019-2019
Dimuth Karunaratne,44,13,0,2019-2019
Angelo Mathews,221,53,0,2019-2019
Lahiru Thirimanne,127,38,0,2019-2019
Jeevan Mendis,58,13,0,2019-2019
Suranga Lakmal,86,20,0,2019-2019
Michael Leask,69,30,0,2019-2019
Wahab Riaz,91,29,0,2019-2019
Andre Russell,56,11,0,2019-2019
David Warner,142,62,0,2019-2019
Steven Smith,142,81,0,2019-2019
Mitchell Starc,110,38,0,2019-2019
Chris Morris,42,9,0,2019-2019
Evin Lewis,57,20,0,2019-2019
Milinda Siriwardana,27,6,0,2019-2019
Hamilton Masakadza,209,71,0,2019-2019
Brendan Taylor,205,133,29,2019-2019
Tobias Visee,3,2,0,2019-2019
Max O'Dowd,33,5,0,2019-2019
Ben Cooper,13,2,0,2019-2019
Bas de Leede,30,14,0,2019-2019
Wesley Barresi,45,20,8,2019-2019
Fred Klaassen,19,5,0,2019-2019
Vivian Kingma,18,4,0,2019-2019
Roelof van der Merwe,16,6,0,2019-2019
Paul van Meekeren,13,4,0,2019-2019
Pieter Seelaar,57,18,0,2019-2019
Ainsley Ndlovu,2,0,0,2019-2019
Saqib Zulfiqar,13,1,0,2019-2019
Scott Edwards,38,36,6,2019-2019
Brandon Glover,9,3,0,2019-2019
Jeffrey Vandersay,20,4,0,2019-2019
Tinashe Kamunhukamwe,7,1,0,2019-2019
Shane Getkate,4,1,0,2019-2019
Sayed Shirzad,2,0,0,2019-2019
Richmond Mutumbami,36,24,5,2019-2019
Shafiul Islam,60,8,0,2019-2019
Lahiru Kumara,26,6,0,2019-2019
Taijul Islam,18,3,0,2019-2019
Shehan Jayasuriya,12,1,0,2019-2019
Wanindu Hasaranga,48,15,0,2019-2019
Anamul Haque,44,12,0,2019-2019
Shreyas Iyer,42,16,0,2019-2019
Gaudi Toka,22,7,0,2019-2019
Kiplin Doriga,39,19,6,2019-2019
Jay Odedra,9,2,0,2019-2019
Keemo Paul,30,15,0,2019-2019
Adrian Neill,9,3,0,2019-2019
Aamir Kaleem,3,2,0,2019-2019
Gavin Main,14,7,0,2019-2019
Hamza Tahir,31,5,0,2019-2019
Ajay Lalcheta,2,0,0,2019-2019
Hiri Hiri,34,2,0,2019-2019
Nisarg Patel,41,7,0,2019-2019
Elmore Hutchinson,11,4,0,2019-2019
Rusty Theron,18,7,0,2019-2019
Jason Kila,13,3,0,2019-2019
Alei Nao,26,10,0,2019-2019
Zhivago Groenewald,4,2,0,2019-2019
Simon Atai,15,9,1,2019-2019
Riley Hekure,25,6,0,2019-2019
Iftikhar Ahmed,12,11,0,2019-2019
Sadeera Samarawickrama,17,1,0,2019-2019
Minod Bhanuka,6,5,1,2019-2019
Mohammad Nawaz,28,12,0,2019-2019
Naveen-ul-Haq,7,2,0,2019-2019
Alzarri Joseph,61,19,0,2019-2019
Romario Shepherd,22,5,0,2019-2019
Kieron Pollard,123,64,0,2019-2019
Ibrahim Zadran,14,3,0,2019-2019
Brandon King,31,6,0,2019-2019
Yamin Ahmadzai,9,4,0,2019-2019
Vriitya Aravind,55,34,9,2019-2019
Darius D'Silva,6,1,0,2019-2019
Basil Hameed,37,15,0,2019-2019
Waheed Ahmed,7,4,0,2019-2019
Ahmed Raza,53,25,0,2019-2019
Karthik Meiyappan,31,10,0,2019-2019
Junaid Siddique,43,4,0,2019-2019
Ian Holland,15,6,0,2019-2019
Akshay Homraj,8,12,0,2019-2019
Cameron Stevenson,18,3,0,2019-2019
Nosthush Kenjige,40,17,0,2019-2019
Michael Jones,12,4,0,2019-2019
Dylan Budge,17,8,0,2019-2019
Josh Davey,31,10,0,2019-2019
Stuart Whittingham,5,3,0,2019-2019
Jonathan Figy,2,1,0,2019-2019
Shivam Dube,1,0,0,2019-2019
Deepak Chahar,13,1,0,2019-2019
Khary Pierre,3,0,0,2019-2019
Shardul Thakur,35,7,0,2019-2019
Navdeep Saini,8,3,0,2019-2019
Chirag Suri,37,10,0,2020-2020
Vriitya Aravind,55,34,9,2020-2020
Darius D'Silva,6,1,0,2020-2020
Basil Hameed,37,15,0,2020-2020
Muhammad Usman,38,11,0,2020-2020
Rohan Mustafa,81,35,0,2020-2020
Chundangapoyil Rizwan,41,9,0,2020-2020
Waheed Ahmed,7,4,0,2020-2020
Zawar Farid,10,1,0,2020-2020
Ahmed Raza,53,25,0,2020-2020
Junaid Siddique,43,4,0,2020-2020
Jatinder Singh,46,15,0,2020-2020
Khawar Ali,34,19,0,2020-2020
Mohammad Sanuth,3,0,0,2020-2020
Aqib Ilyas,25,6,0,2020-2020
Zeeshan Maqsood,42,22,0,2020-2020
Naseem Khushi,32,22,3,2020-2020
Mohammad Nadeem,34,6,0,2020-2020
Bilal Khan,45,4,0,2020-2020
Kaleemullah,39,9,0,2020-2020
Sandeep Goud,36,18,0,2020-2020
Karthik Meiyappan,31,10,0,2020-2020
Stephan Baard,19,5,0,2020-2020
Zane Green,33,39,4,2020-2020
JP Kotze,8,0,0,2020-2020
Gerhard Erasmus,40,22,0,2020-2020
Craig Williams,18,6,0,2020-2020
JJ Smit,29,9,0,2020-2020
Jan Frylinck,28,11,0,2020-2020
Karl Birkenstock,20,8,0,2020-2020
Pikky Ya France,25,7,0,2020-2020
Ben Shikongo,14,3,0,2020-2020
Bernard Scholtz,41,5,0,2020-2020
Paul Stirling,154,57,0,2020-2020
Gareth Delany,21,9,0,2020-2020
Andy Balbirnie,101,32,0,2020-2020
William Porterfield,148,68,0,2020-2020
Kevin O'Brien,153,67,0,2020-2020
Lorcan Tucker,44,59,3,2020-2020
Simi Singh,35,13,0,2020-2020
Mark Adair,41,18,0,2020-2020
Andy McBrine,82,32,0,2020-2020
Barry McCarthy,42,12,0,2020-2020
Boyd Rankin,75,17,0,2020-2020
Shai Hope,115,120,12,2020-2020
Evin Lewis,57,20,0,2020-2020
Brandon King,31,6,0,2020-2020
Shimron Hetmyer,47,19,0,2020-2020
Nicholas Pooran,61,23,2,2020-2020
Roston Chase,42,18,0,2020-2020
Kieron Pollard,123,64,0,2020-2020
Sheldon Cottrell,38,19,0,2020-2020
Keemo Paul,30,15,0,2020-2020
Alzarri Joseph,61,19,0,2020-2020
Hayden Walsh,22,4,0,2020-2020
Suraj Kumar,24,18,2,2020-2020
Jan-Izak de Villiers,2,0,0,2020-2020
Jonathan Figy,2,1,0,2020-2020
Romario Shepherd,22,5,0,2020-2020
Khary Pierre,3,0,0,2020-2020
James McCollum,10,2,0,2020-2020
Craig Young,39,10,0,2020-2020
Sunil Ambris,16,2,0,2020-2020
Oshane Thomas,20,0,0,2020-2020
Rohit Sharma,243,87,0,2020-2020
Shikhar Dhawan,167,83,0,2020-2020
KL Rahul,54,32,2,2020-2020
Virat Kohli,274,141,0,2020-2020
Shreyas Iyer,42,16,0,2020-2020
Rishabh Pant,30,26,1,2020-2020
Ravindra Jadeja,174,65,0,2020-2020
Shardul Thakur,35,7,0,2020-2020
Mohammed Shami,90,29,0,2020-2020
Kuldeep Yadav,81,12,0,2020-2020
Jasprit Bumrah,72,17,0,2020-2020
David Warner,142,62,0,2020-2020
Aaron Finch,146,71,0,2020-2020
Mitchell Starc,110,38,0,2020-2020
Pat Cummins,75,19,0,2020-2020
Kane Richardson,25,7,0,2020-2020
Adam Zampa,79,16,0,2020-2020
Ashton Agar,21,10,0,2020-2020
Manish Pandey,29,10,0,2020-2020
Steven Smith,142,81,0,2020-2020
Marnus Labuschagne,30,12,0,2020-2020
Alex Carey,64,73,8,2020-2020
Ashton Turner,9,4,0,2020-2020
Navdeep Saini,8,3,0,2020-2020
Josh Hazlewood,69,22,0,2020-2020
Jason Roy,116,46,0,2020-2020
Jonny Bairstow,95,48,3,2020-2020
Joe Root,158,78,0,2020-2020
Eoin Morgan,248,87,0,2020-2020
Joe Denly,16,7,0,2020-2020
Tom Banton,6,2,0,2020-2020
Sam Curran,23,5,0,2020-2020
Chris Woakes,112,47,0,2020-2020
Tom Curran,28,5,0,2020-2020
Chris Jordan,35,19,0,2020-2020
Quinton de Kock,140,183,14,2020-2020
Reeza Hendricks,27,16,0,2020-2020
Temba Bavuma,26,22,0,2020-2020
Rassie van der Dussen,45,19,0,2020-2020
JJ Smuts,6,3,0,2020-2020
Beuran Hendricks,8,2,0,2020-2020
Lungi Ngidi,45,11,0,2020-2020
Andile Phehlukwayo,74,16,0,2020-2020
Tabraiz Shamsi,44,8,0,2020-2020
Lutho Sipamla,5,1,0,2020-2020
Matt Parkinson,5,1,0,2020-2020
Prithvi Shaw,6,2,0,2020-2020
Mayank Agarwal,5,2,0,2020-2020
Kedar Jadhav,73,33,0,2020-2020
Martin Guptill,198,104,0,2020-2020
Henry Nicholls,66,24,0,2020-2020
Tom Blundell,6,5,1,2020-2020
Ross Taylor,236,142,0,2020-2020
Tom Latham,130,111,15,2020-2020
James Neesham,73,26,0,2020-2020
Colin de Grandhomme,45,17,0,2020-2020
Mitchell Santner,93,37,0,2020-2020
Tim Southee,154,43,0,2020-2020
Hamish Bennett,19,3,0,2020-2020
Ish Sodhi,46,10,0,2020-2020
Badal Singh,2,2,0,2020-2020
Paras Khadka,10,7,0,2020-2020
Gyanendra Malla,37,13,0,2020-2020
Sharad Vesawkar,4,1,0,2020-2020
Dipendra Singh Airee,50,26,0,2020-2020
Aarif Sheikh,47,21,0,2020-2020
Rohit Paudel,52,13,0,2020-2020
Binod Bhandari,17,21,1,2020-2020
Karan KC,46,6,0,2020-2020
Sandeep Lamichhane,49,8,0,2020-2020
Sushan Bhari,11,3,0,2020-2020
Abinash Bohara,2,0,0,2020-2020
Xavier Marshall,37,12,0,2020-2020
Aaron Jones,43,14,0,2020-2020
Steven Taylor,45,20,0,2020-2020
Monank Patel,47,33,2,2020-2020
Ian Holland,15,6,0,2020-2020
Akshay Homraj,8,12,0,2020-2020
Elmore Hutchinson,11,4,0,2020-2020
Timil Patel,7,2,0,2020-2020
Karima Gore,16,6,0,2020-2020
Rusty Theron,18,7,0,2020-2020
Saurabh Netravalkar,48,15,0,2020-2020
Jay Odedra,9,2,0,2020-2020
Mark Chapman,12,3,0,2020-2020
Kyle Jamieson,8,2,0,2020-2020
Yuzvendra Chahal,72,16,0,2020-2020
Subash Khakurel,6,0,1,2020-2020
Kushal Malla,27,6,0,2020-2020
Cameron Stevenson,18,3,0,2020-2020
Kamal Airee,3,0,0,2020-2020
David Miller,155,69,0,2020-2020
Moeen Ali,129,42,0,2020-2020
Adil Rashid,125,40,0,2020-2020
Saqib Mahmood,8,1,0,2020-2020
Kane Williamson,161,64,0,2020-2020
Nisarg Patel,41,7,0,2020-2020
Nosthush Kenjige,40,17,0,2020-2020
Darren Bravo,122,35,0,2020-2020
Jason Holder,138,65,0,2020-2020
Avishka Fernando,29,14,0,2020-2020
Dimuth Karunaratne,44,13,0,2020-2020
Kusal Perera,107,47,3,2020-2020
Kusal Mendis,106,67,3,2020-2020
Angelo Mathews,221,53,0,2020-2020
Dhananjaya de Silva,76,35,0,2020-2020
Thisara Perera,166,62,0,2020-2020
Wanindu Hasaranga,48,15,0,2020-2020
Isuru Udana,21,6,0,2020-2020
Lakshan Sandakan,31,8,0,2020-2020
Nuwan Pradeep,49,7,0,2020-2020
Fabian Allen,20,10,0,2020-2020
Janneman Malan,23,11,0,2020-2020
Kyle Verreynne,12,9,0,2020-2020
Heinrich Klaasen,36,34,5,2020-2020
Keshav Maharaj,27,4,0,2020-2020
Anrich Nortje,21,3,0,2020-2020
Mitchell Marsh,72,31,0,2020-2020
D'Arcy Short,8,2,0,2020-2020
Litton Das,72,47,3,2020-2020
Tamim Iqbal,241,68,0,2020-2020
Najmul Hossain Shanto,27,8,0,2020-2020
Mushfiqur Rahim,251,217,54,2020-2020
Mahmudullah,218,76,0,2020-2020
Mohammad Mithun,34,7,0,2020-2020
Mohammad Saifuddin,29,4,0,2020-2020
Mehidy Hasan Miraz,77,33,0,2020-2020
Mashrafe Mortaza,220,62,0,2020-2020
Tinashe Kamunhukamwe,7,1,0,2020-2020
Chamu Chibhabha,109,34,0,2020-2020
Regis Chakabva,61,53,5,2020-2020
Brendan Taylor,205,133,29,2020-2020
Wessly Madhevere,36,9,0,2020-2020
Sikandar Raza,136,54,0,2020-2020
Richmond Mutumbami,36,24,5,2020-2020
Tinotenda Mutombodzi,14,7,0,2020-2020
Donald Tiripano,38,5,0,2020-2020
Carl Mumba,7,1,0,2020-2020
Chris Mpofu,84,11,0,2020-2020
Mustafizur Rahman,89,15,0,2020-2020
Taijul Islam,18,3,0,2020-2020
Shafiul Islam,60,8,0,2020-2020
Sean Williams,156,58,0,2020-2020
Charlton Tshuma,2,0,0,2020-2020
Al-Amin Hossain,15,1,0,2020-2020
Afif Hossain,28,11,0,2020-2020
Jhye Richardson,15,5,0,2020-2020
Daryn Dupavillon,2,0,0,2020-2020
Lockie Ferguson,53,12,0,2020-2020
Trent Boult,99,37,0,2020-2020
Harry Tector,38,20,0,2020-2020
Curtis Campher,30,10,0,2020-2020
James Vince,25,10,0,2020-2020
Sam Billings,28,19,1,2020-2020
David Willey,64,26,0,2020-2020
Reece Topley,22,5,0,2020-2020
Josh Little,32,4,0,2020-2020
Marcus Stoinis,60,15,0,2020-2020
Glenn Maxwell,128,79,0,2020-2020
Jos Buttler,165,204,34,2020-2020
Jofra Archer,21,6,0,2020-2020
Mark Wood,59,13,0,2020-2020
Imam-ul-Haq,59,10,0,2020-2020
Abid Ali,6,3,0,2020-2020
Babar Azam,100,45,0,2020-2020
Haris Sohail,45,17,0,2020-2020
Mohammad Rizwan,57,52,2,2020-2020
Iftikhar Ahmed,12,11,0,2020-2020
Faheem Ashraf,31,8,0,2020-2020
Imad Wasim,55,12,0,2020-2020
Wahab Riaz,91,29,0,2020-2020
Shaheen Shah Afridi,36,7,0,2020-2020
Brian Chari,14,3,1,2020-2020
Craig Ervine,116,54,0,2020-2020
Tendai Chisoro,21,6,0,2020-2020
Richard Ngarava,39,6,0,2020-2020
Blessing Muzarabani,42,13,0,2020-2020
Haris Rauf,22,8,0,2020-2020
Haider Ali,2,1,0,2020-2020
Muhammad Musa,2,0,0,2020-2020
Fakhar Zaman,70,33,0,2020-2020
Khushdil Shah,10,6,0,2020-2020
Mohammad Hasnain,9,2,0,2020-2020
Hardik Pandya,74,30,0,2020-2020
Moises Henriques,16,6,0,2020-2020
Shubman Gill,24,15,0,2020-2020
Cameron Green,15,6,0,2020-2020
Sean Abbott,11,4,0,2020-2020
T Natarajan,2,0,0,2020-2020
Paul Stirling,154,57,0,2021-2021
Kevin O'Brien,153,67,0,2021-2021
Andy Balbirnie,101,32,0,2021-2021
Harry Tector,38,20,0,2021-2021
Lorcan Tucker,44,59,3,2021-2021
Curtis Campher,30,10,0,2021-2021
Gareth Delany,21,9,0,2021-2021
Zawar Farid,10,1,0,2021-2021
Vriitya Aravind,55,34,9,2021-2021
Chundangapoyil Rizwan,41,9,0,2021-2021
Alishan Sharafu,14,8,0,2021-2021
Muhammad Usman,38,11,0,2021-2021
Waheed Ahmed,7,4,0,2021-2021
Zahoor Khan,59,13,0,2021-2021
Kashif Daud,19,3,0,2021-2021
Ahmed Raza,53,25,0,2021-2021
Rohan Mustafa,81,35,0,2021-2021
Karthik Meiyappan,31,10,0,2021-2021
Craig Young,39,10,0,2021-2021
Barry McCarthy,42,12,0,2021-2021
Andy McBrine,82,32,0,2021-2021
Mark Adair,41,18,0,2021-2021
Simi Singh,35,13,0,2021-2021
Basil Hameed,37,15,0,2021-2021
Sunil Ambris,16,2,0,2021-2021
Joshua Da Silva,2,1,1,2021-2021
Andre McCarthy,2,0,0,2021-2021
Jason Mohammed,36,4,0,2021-2021
Kyle Mayers,25,10,0,2021-2021
Nkrumah Bonner,6,1,0,2021-2021
Rovman Powell,50,15,0,2021-2021
Raymon Reifer,6,0,0,2021-2021
Alzarri Joseph,61,19,0,2021-2021
Akeal Hosein,38,16,0,2021-2021
Chemar Holder,1,0,0,2021-2021
Litton Das,72,47,3,2021-2021
Tamim Iqbal,241,68,0,2021-2021
Najmul Hossain Shanto,27,8,0,2021-2021
Shakib Al Hasan,235,56,0,2021-2021
Mushfiqur Rahim,251,217,54,2021-2021
Mahmudullah,218,76,0,2021-2021
Rubel Hossain,104,20,0,2021-2021
Mustafizur Rahman,89,15,0,2021-2021
Hasan Mahmud,13,0,0,2021-2021
Mehidy Hasan Miraz,77,33,0,2021-2021
Rahmanullah Gurbaz,21,14,2,2021-2021
Javed Ahmadi,47,11,0,2021-2021
Rahmat Shah,94,24,0,2021-2021
Asghar Afghan,114,24,0,2021-2021
Mohammad Nabi,142,61,0,2021-2021
Gulbadin Naib,76,22,0,2021-2021
Najibullah Zadran,88,39,0,2021-2021
Azmatullah Omarzai,12,2,0,2021-2021
Rashid Khan,89,27,0,2021-2021
Mujeeb Ur Rahman,61,10,0,2021-2021
Naveen-ul-Haq,7,2,0,2021-2021
Kjorn Ottley,2,1,0,2021-2021
Hashmatullah Shahidi,59,13,0,2021-2021
Soumya Sarkar,61,34,0,2021-2021
Mohammad Saifuddin,29,4,0,2021-2021
Jahmar Hamilton,1,0,0,2021-2021
Keon Harding,1,0,0,2021-2021
Taskin Ahmed,59,10,0,2021-2021
James McCollum,10,2,0,2021-2021
Josh Little,32,4,0,2021-2021
Danushka Gunathilaka,47,14,0,2021-2021
Dimuth Karunaratne,44,13,0,2021-2021
Pathum Nissanka,34,12,0,2021-2021
Angelo Mathews,221,53,0,2021-2021
Dinesh Chandimal,157,62,8,2021-2021
Ashen Bandara,6,3,0,2021-2021
Kamindu Mendis,7,2,0,2021-2021
Wanindu Hasaranga,48,15,0,2021-2021
Dushmantha Chameera,44,7,0,2021-2021
Lakshan Sandakan,31,8,0,2021-2021
Nuwan Pradeep,49,7,0,2021-2021
Evin Lewis,57,20,0,2021-2021
Shai Hope,115,120,12,2021-2021
Darren Bravo,122,35,0,2021-2021
Jason Holder,138,65,0,2021-2021
Romario Shepherd,22,5,0,2021-2021
Kieron Pollard,123,64,0,2021-2021
Fabian Allen,20,10,0,2021-2021
Oshada Fernando,8,1,0,2021-2021
Thisara Perera,166,62,0,2021-2021
Nicholas Pooran,61,23,2,2021-2021
Dasun Shanaka,61,15,0,2021-2021
Anderson Phillip,5,2,0,2021-2021
Suranga Lakmal,86,20,0,2021-2021
Asitha Fernando,5,0,0,2021-2021
Mohammad Mithun,34,7,0,2021-2021
Mahedi Hasan,3,0,0,2021-2021
Martin Guptill,198,104,0,2021-2021
Henry Nicholls,66,24,0,2021-2021
Devon Conway,18,9,0,2021-2021
Will Young,15,3,0,2021-2021
Trent Boult,99,37,0,2021-2021
Matt Henry,72,23,0,2021-2021
Kyle Jamieson,8,2,0,2021-2021
James Neesham,73,26,0,2021-2021
Mitchell Santner,93,37,0,2021-2021
Tom Latham,130,111,15,2021-2021
Daryl Mitchell,25,10,0,2021-2021
Rohit Sharma,243,87,0,2021-2021
Shikhar Dhawan,167,83,0,2021-2021
Virat Kohli,274,141,0,2021-2021
Shreyas Iyer,42,16,0,2021-2021
KL Rahul,54,32,2,2021-2021
Hardik Pandya,74,30,0,2021-2021
Krunal Pandya,5,1,0,2021-2021
Jason Roy,116,46,0,2021-2021
Jonny Bairstow,95,48,3,2021-2021
Ben Stokes,105,49,0,2021-2021
Eoin Morgan,248,87,0,2021-2021
Jos Buttler,165,204,34,2021-2021
Sam Billings,28,19,1,2021-2021
Moeen Ali,129,42,0,2021-2021
Sam Curran,23,5,0,2021-2021
Tom Curran,28,5,0,2021-2021
Adil Rashid,125,40,0,2021-2021
Mark Wood,59,13,0,2021-2021
Bhuvneshwar Kumar,121,29,0,2021-2021
Prasidh Krishna,14,2,0,2021-2021
Shardul Thakur,35,7,0,2021-2021
Kuldeep Yadav,81,12,0,2021-2021
Ross Taylor,236,142,0,2021-2021
Rishabh Pant,30,26,1,2021-2021
Dawid Malan,18,7,0,2021-2021
Liam Livingstone,12,6,0,2021-2021
Reece Topley,22,5,0,2021-2021
T Natarajan,2,0,0,2021-2021
Aiden Markram,50,20,0,2021-2021
Quinton de Kock,140,183,14,2021-2021
Temba Bavuma,26,22,0,2021-2021
Rassie van der Dussen,45,19,0,2021-2021
Heinrich Klaasen,36,34,5,2021-2021
David Miller,155,69,0,2021-2021
Andile Phehlukwayo,74,16,0,2021-2021
Kagiso Rabada,89,31,0,2021-2021
Imam-ul-Haq,59,10,0,2021-2021
Fakhar Zaman,70,33,0,2021-2021
Babar Azam,100,45,0,2021-2021
Mohammad Rizwan,57,52,2,2021-2021
Danish Aziz,2,0,0,2021-2021
Asif Ali,21,6,0,2021-2021
Shadab Khan,56,14,0,2021-2021
Faheem Ashraf,31,8,0,2021-2021
Shaheen Shah Afridi,36,7,0,2021-2021
Mohammad Hasnain,9,2,0,2021-2021
Haris Rauf,22,8,0,2021-2021
Lungi Ngidi,45,11,0,2021-2021
Anrich Nortje,21,3,0,2021-2021
Tabraiz Shamsi,44,8,0,2021-2021
Sarfaraz Ahmed,117,119,24,2021-2021
Mohammad Nawaz,28,12,0,2021-2021
Hasan Ali,60,13,0,2021-2021
Janneman Malan,23,11,0,2021-2021
JJ Smuts,6,3,0,2021-2021
Kyle Verreynne,12,9,0,2021-2021
Keshav Maharaj,27,4,0,2021-2021
Beuran Hendricks,8,2,0,2021-2021
Lutho Sipamla,5,1,0,2021-2021
Daryn Dupavillon,2,0,0,2021-2021
Usman Qadir,1,1,0,2021-2021
Stephan Myburgh,22,4,0,2021-2021
Max O'Dowd,33,5,0,2021-2021
Ben Cooper,13,2,0,2021-2021
Pieter Seelaar,57,18,0,2021-2021
Scott Edwards,38,36,6,2021-2021
Bas de Leede,30,14,0,2021-2021
Saqib Zulfiqar,13,1,0,2021-2021
Logan van Beek,25,15,0,2021-2021
Aryan Dutt,25,3,0,2021-2021
Paul van Meekeren,13,4,0,2021-2021
Kyle Coetzer,89,26,0,2021-2021
Matthew Cross,90,118,7,2021-2021
Calum MacLeod,88,53,0,2021-2021
Richie Berrington,112,38,0,2021-2021
George Munsey,53,26,0,2021-2021
Dylan Budge,17,8,0,2021-2021
Mark Watt,61,16,0,2021-2021
Safyaan Sharif,77,20,0,2021-2021
Gavin Main,14,7,0,2021-2021
Alasdair Evans,42,9,0,2021-2021
Hamza Tahir,31,5,0,2021-2021
Vivian Kingma,18,4,0,2021-2021
Tobias Visee,3,2,0,2021-2021
Philippe Boissevain,6,2,0,2021-2021
Adrian Neill,9,3,0,2021-2021
Michael Leask,69,30,0,2021-2021
Afif Hossain,28,11,0,2021-2021
Kusal Perera,107,47,3,2021-2021
Kusal Mendis,106,67,3,2021-2021
Dhananjaya de Silva,76,35,0,2021-2021
Isuru Udana,21,6,0,2021-2021
Mosaddek Hossain,43,18,0,2021-2021
Shoriful Islam,17,2,0,2021-2021
Niroshan Dickwella,55,41,11,2021-2021
Ramesh Mendis,4,1,0,2021-2021
Mohammad Naim,4,4,0,2021-2021
Binura Fernando,4,1,0,2021-2021
Chamika Karunaratne,23,5,0,2021-2021
Timm van der Gugten,8,0,0,2021-2021
Fred Klaassen,19,5,0,2021-2021
Brandon Glover,9,3,0,2021-2021
William Porterfield,148,68,0,2021-2021
George Dockrell,117,43,0,2021-2021
Musa Ahmad,13,4,0,2021-2021
Charith Asalanka,35,9,0,2021-2021
Dhananjaya Lakshan,3,1,0,2021-2021
Praveen Jayawickrama,5,0,0,2021-2021
Joe Root,158,78,0,2021-2021
Chris Woakes,112,47,0,2021-2021
David Willey,64,26,0,2021-2021
Avishka Fernando,29,14,0,2021-2021
Saud Shakeel,5,2,0,2021-2021
Sohaib Maqsood,29,10,0,2021-2021
Phil Salt,14,4,0,2021-2021
Zak Crawley,3,4,0,2021-2021
Saqib Mahmood,8,1,0,2021-2021
Lewis Gregory,3,0,0,2021-2021
Craig Overton,7,4,0,2021-2021
Brydon Carse,9,1,0,2021-2021
Matt Parkinson,5,1,0,2021-2021
James Vince,25,10,0,2021-2021
John Simpson,3,9,0,2021-2021
Wessly Madhevere,36,9,0,2021-2021
Tadiwanashe Marumani,12,1,0,2021-2021
Brendan Taylor,205,133,29,2021-2021
Dion Myers,5,3,0,2021-2021
Regis Chakabva,61,53,5,2021-2021
Ryan Burl,47,20,0,2021-2021
Luke Jongwe,40,12,0,2021-2021
Blessing Muzarabani,42,13,0,2021-2021
Tendai Chatara,87,8,0,2021-2021
Richard Ngarava,39,6,0,2021-2021
Timycen Maruma,22,12,0,2021-2021
Lizaad Williams,1,0,0,2021-2021
Tinashe Kamunhukamwe,7,1,0,2021-2021
Sikandar Raza,136,54,0,2021-2021
Minod Bhanuka,6,5,1,2021-2021
Bhanuka Rajapaksa,5,0,0,2021-2021
Prithvi Shaw,6,2,0,2021-2021
Ishan Kishan,14,5,2,2021-2021
Manish Pandey,29,10,0,2021-2021
Suryakumar Yadav,23,14,0,2021-2021
Deepak Chahar,13,1,0,2021-2021
Yuzvendra Chahal,72,16,0,2021-2021
Donald Tiripano,38,5,0,2021-2021
Nurul Hasan,6,4,3,2021-2021
Kasun Rajitha,24,2,0,2021-2021
Josh Philippe,3,1,0,2021-2021
Ben McDermott,5,0,0,2021-2021
Mitchell Marsh,72,31,0,2021-2021
Moises Henriques,16,6,0,2021-2021
Alex Carey,64,73,8,2021-2021
Ashton Turner,9,4,0,2021-2021
Matthew Wade,97,108,9,2021-2021
Mitchell Starc,110,38,0,2021-2021
Adam Zampa,79,16,0,2021-2021
Wes Agar,2,0,0,2021-2021
Josh Hazlewood,69,22,0,2021-2021
Shimron Hetmyer,47,19,0,2021-2021
Hayden Walsh,22,4,0,2021-2021
Sheldon Cottrell,38,19,0,2021-2021
Riley Meredith,1,0,0,2021-2021
Sanju Samson,11,7,2,2021-2021
Nitish Rana,1,0,0,2021-2021
Krishnappa Gowtham,1,1,0,2021-2021
Rahul Chahar,1,0,0,2021-2021
Navdeep Saini,8,3,0,2021-2021
Chetan Sakariya,1,2,0,2021-2021
Akila Dananjaya,39,14,0,2021-2021
Ashton Agar,21,10,0,2021-2021
Reeza Hendricks,27,16,0,2021-2021
Wiaan Mulder,12,5,0,2021-2021
George Linde,2,3,0,2021-2021
Tony Ura,61,26,0,2021-2021
Lega Siaka,47,17,0,2021-2021
Assad Vala,66,34,0,2021-2021
Charles Amini,49,21,0,2021-2021
Sese Bau,57,20,0,2021-2021
Kiplin Doriga,39,19,6,2021-2021
Gaudi Toka,22,7,0,2021-2021
Hiri Hiri,34,2,0,2021-2021
Jason Kila,13,3,0,2021-2021
Damien Ravu,18,2,0,2021-2021
Nosaina Pokana,21,7,0,2021-2021
Steven Taylor,45,20,0,2021-2021
Sushant Modani,31,3,0,2021-2021
Monank Patel,47,33,2,2021-2021
Gajanand Singh,32,14,0,2021-2021
Jaskaran Malhotra,18,10,1,2021-2021
Saurabh Netravalkar,48,15,0,2021-2021
Jessy Singh,24,5,0,2021-2021
Nosthush Kenjige,40,17,0,2021-2021
Elmore Hutchinson,11,4,0,2021-2021
Karima Gore,16,6,0,2021-2021
Nisarg Patel,41,7,0,2021-2021
Chad Soper,56,14,0,2021-2021
Kushal Bhurtel,44,33,0,2021-2021
Aasif Sheikh,41,28,3,2021-2021
Gyanendra Malla,37,13,0,2021-2021
Aarif Sheikh,47,21,0,2021-2021
Sharad Vesawkar,4,1,0,2021-2021
Rohit Paudel,52,13,0,2021-2021
Kushal Malla,27,6,0,2021-2021
Pawan Sarraf,8,2,0,2021-2021
Sompal Kami,47,10,0,2021-2021
Bikram Sob,5,1,0,2021-2021
Sandeep Lamichhane,49,8,0,2021-2021
Maheesh Theekshana,22,4,0,2021-2021
Craig Ervine,116,54,0,2021-2021
Sean Williams,156,58,0,2021-2021
Wellington Masakadza,35,10,0,2021-2021
Aaron Jones,43,14,0,2021-2021
Abhishek Paradkar,4,0,0,2021-2021
Norman Vanua,57,16,0,2021-2021
Binod Bhandari,17,21,1,2021-2021
Karan KC,46,6,0,2021-2021
Sushan Bhari,11,3,0,2021-2021
Kabua Morea,17,5,0,2021-2021
Shane Getkate,4,1,0,2021-2021
Sanjay Krishnamurthi,3,0,0,2021-2021
Jatinder Singh,46,15,0,2021-2021
Shoaib Khan,24,13,0,2021-2021
Ayaan Khan,34,10,0,2021-2021
Zeeshan Maqsood,42,22,0,2021-2021
Mohammad Nadeem,34,6,0,2021-2021
Suraj Kumar,24,18,2,2021-2021
Sandeep Goud,36,18,0,2021-2021
Bilal Khan,45,4,0,2021-2021
Kaleemullah,39,9,0,2021-2021
Nestor Dhamba,10,3,0,2021-2021
Dominique Rikhi,2,1,0,2021-2021
Naseem Khushi,32,22,3,2021-2021
Gulsan Jha,22,5,0,2021-2021
Kyle Phillip,5,1,0,2021-2021
Sufyan Mehmood,1,0,0,2021-2021
Pruthvikumar Macchi,1,0,0,2021-2021
Khawar Ali,34,19,0,2021-2021
Kashyap Prajapati,31,15,0,2021-2021
Aqib Ilyas,25,6,0,2021-2021
Chris Sole,30,9,0,2021-2021
Stephan Baard,19,5,0,2021-2021
Zane Green,33,39,4,2021-2021
Michael van Lingen,28,7,0,2021-2021
Craig Williams,18,6,0,2021-2021
Karl Birkenstock,20,8,0,2021-2021
Michau du Preez,3,4,0,2021-2021
JJ Smit,29,9,0,2021-2021
Jan Frylinck,28,11,0,2021-2021
Pikky Ya France,25,7,0,2021-2021
Ruben Trumpelmann,34,13,0,2021-2021
Bernard Scholtz,41,5,0,2021-2021
Zubayr Hamza,1,0,0,2021-2021
Khaya Zondo,6,1,0,2021-2021
Wayne Parnell,73,13,0,2021-2021
Roelof van der Merwe,16,6,0,2021-2021
Colin Ackermann,7,5,0,2021-2021
Jan Nicol Loftie-Eaton,32,17,0,2021-2021
Shai Hope,115,120,12,2022-2022
Justin Greaves,3,0,0,2022-2022
Nicholas Pooran,61,23,2,2022-2022
Shamarh Brooks,29,14,0,2022-2022
Roston Chase,42,18,0,2022-2022
Kieron Pollard,123,64,0,2022-2022
Jason Holder,138,65,0,2022-2022
Romario Shepherd,22,5,0,2022-2022
Odean Smith,9,1,0,2022-2022
Alzarri Joseph,61,19,0,2022-2022
Akeal Hosein,38,16,0,2022-2022
William Porterfield,148,68,0,2022-2022
Andy Balbirnie,101,32,0,2022-2022
Andy McBrine,82,32,0,2022-2022
Harry Tector,38,20,0,2022-2022
Curtis Campher,30,10,0,2022-2022
Lorcan Tucker,44,59,3,2022-2022
George Dockrell,117,43,0,2022-2022
Gareth Delany,21,9,0,2022-2022
Neil Rock,3,2,0,2022-2022
Mark Adair,41,18,0,2022-2022
Craig Young,39,10,0,2022-2022
Josh Little,32,4,0,2022-2022
Paul Stirling,154,57,0,2022-2022
Takudzwanashe Kaitano,8,2,0,2022-2022
Regis Chakabva,61,53,5,2022-2022
Craig Ervine,116,54,0,2022-2022
Sean Williams,156,58,0,2022-2022
Wessly Madhevere,36,9,0,2022-2022
Sikandar Raza,136,54,0,2022-2022
Ryan Burl,47,20,0,2022-2022
Wellington Masakadza,35,10,0,2022-2022
Blessing Muzarabani,42,13,0,2022-2022
Tendai Chatara,87,8,0,2022-2022
Richard Ngarava,39,6,0,2022-2022
Pathum Nissanka,34,12,0,2022-2022
Kusal Mendis,106,67,3,2022-2022
Kamindu Mendis,7,2,0,2022-2022
Dinesh Chandimal,157,62,8,2022-2022
Charith Asalanka,35,9,0,2022-2022
Dasun Shanaka,61,15,0,2022-2022
Chamika Karunaratne,23,5,0,2022-2022
Nuwan Pradeep,49,7,0,2022-2022
Chamika Gunasekara,1,0,0,2022-2022
Maheesh Theekshana,22,4,0,2022-2022
Jeffrey Vandersay,20,4,0,2022-2022
Dushmantha Chameera,44,7,0,2022-2022
Quinton de Kock,140,183,14,2022-2022
Janneman Malan,23,11,0,2022-2022
Temba Bavuma,26,22,0,2022-2022
Aiden Markram,50,20,0,2022-2022
Rassie van der Dussen,45,19,0,2022-2022
David Miller,155,69,0,2022-2022
KL Rahul,54,32,2,2022-2022
Shikhar Dhawan,167,83,0,2022-2022
Virat Kohli,274,141,0,2022-2022
Rishabh Pant,30,26,1,2022-2022
Shreyas Iyer,42,16,0,2022-2022
Venkatesh Iyer,2,0,0,2022-2022
Ravichandran Ashwin,113,30,0,2022-2022
Shardul Thakur,35,7,0,2022-2022
Bhuvneshwar Kumar,121,29,0,2022-2022
Jasprit Bumrah,72,17,0,2022-2022
Yuzvendra Chahal,72,16,0,2022-2022
Marco Jansen,9,3,0,2022-2022
Keshav Maharaj,27,4,0,2022-2022
Lungi Ngidi,45,11,0,2022-2022
Tabraiz Shamsi,44,8,0,2022-2022
Andile Phehlukwayo,74,16,0,2022-2022
Rahmanullah Gurbaz,21,14,2,2022-2022
Usman Ghani,17,3,0,2022-2022
Rahmat Shah,94,24,0,2022-2022
Hashmatullah Shahidi,59,13,0,2022-2022
Najibullah Zadran,88,39,0,2022-2022
Shahidullah,1,1,0,2022-2022
Gulbadin Naib,76,22,0,2022-2022
Rashid Khan,89,27,0,2022-2022
Sharafuddin Ashraf,19,5,0,2022-2022
Scott Edwards,38,36,6,2022-2022
Musa Ahmad,13,4,0,2022-2022
Colin Ackermann,7,5,0,2022-2022
Bas de Leede,30,14,0,2022-2022
Pieter Seelaar,57,18,0,2022-2022
Boris Gorlee,3,0,0,2022-2022
Saqib Zulfiqar,13,1,0,2022-2022
Philippe Boissevain,6,2,0,2022-2022
Fred Klaassen,19,5,0,2022-2022
Vivian Kingma,18,4,0,2022-2022
Brandon Glover,9,3,0,2022-2022
Yamin Ahmadzai,9,4,0,2022-2022
Mujeeb Ur Rahman,61,10,0,2022-2022
Sisanda Magala,7,2,0,2022-2022
Ramesh Mendis,4,1,0,2022-2022
Milton Shumba,6,2,0,2022-2022
Ryan Klein,12,3,0,2022-2022
Fareed Ahmad,14,3,0,2022-2022
Dwaine Pretorius,27,11,0,2022-2022
Suryakumar Yadav,23,14,0,2022-2022
Deepak Chahar,13,1,0,2022-2022
Jayant Yadav,2,1,0,2022-2022
Prasidh Krishna,14,2,0,2022-2022
Riaz Hassan,3,0,0,2022-2022
Azmatullah Omarzai,12,2,0,2022-2022
Aryan Dutt,25,3,0,2022-2022
Clayton Floyd,9,2,0,2022-2022
Fazalhaq Farooqi,16,1,0,2022-2022
Qais Ahmad,1,0,0,2022-2022
Jatinder Singh,46,15,0,2022-2022
Khawar Ali,34,19,0,2022-2022
Kashyap Prajapati,31,15,0,2022-2022
Ayaan Khan,34,10,0,2022-2022
Shoaib Khan,24,13,0,2022-2022
Zeeshan Maqsood,42,22,0,2022-2022
Sandeep Goud,36,18,0,2022-2022
Naseem Khushi,32,22,3,2022-2022
Aamir Kaleem,3,2,0,2022-2022
Kaleemullah,39,9,0,2022-2022
Bilal Khan,45,4,0,2022-2022
Chirag Suri,37,10,0,2022-2022
Muhammad Waseem,45,22,0,2022-2022
Vriitya Aravind,55,34,9,2022-2022
Muhammad Usman,38,11,0,2022-2022
Basil Hameed,37,15,0,2022-2022
Rohan Mustafa,81,35,0,2022-2022
Chundangapoyil Rizwan,41,9,0,2022-2022
Kashif Daud,19,3,0,2022-2022
Junaid Siddique,43,4,0,2022-2022
Zahoor Khan,59,13,0,2022-2022
Ahmed Raza,53,25,0,2022-2022
Nestor Dhamba,10,3,0,2022-2022
Akif Raja,5,2,0,2022-2022
Brandon King,31,6,0,2022-2022
Darren Bravo,122,35,0,2022-2022
Fabian Allen,20,10,0,2022-2022
Kemar Roach,95,22,0,2022-2022
Rohit Sharma,243,87,0,2022-2022
Ishan Kishan,14,5,2,2022-2022
Deepak Hooda,10,3,0,2022-2022
Mohammed Siraj,24,5,0,2022-2022
Washington Sundar,16,4,0,2022-2022
Kuldeep Yadav,81,12,0,2022-2022
Hayden Walsh,22,4,0,2022-2022
Ibrahim Zadran,14,3,0,2022-2022
Mohammad Nabi,142,61,0,2022-2022
Tamim Iqbal,241,68,0,2022-2022
Litton Das,72,47,3,2022-2022
Shakib Al Hasan,235,56,0,2022-2022
Mushfiqur Rahim,251,217,54,2022-2022
Yasir Ali,9,3,0,2022-2022
Mahmudullah,218,76,0,2022-2022
Afif Hossain,28,11,0,2022-2022
Mehidy Hasan Miraz,77,33,0,2022-2022
Mustafizur Rahman,89,15,0,2022-2022
Taskin Ahmed,59,10,0,2022-2022
Shoriful Islam,17,2,0,2022-2022
Suraj Kumar,24,18,2,2022-2022
Mohammad Nadeem,34,6,0,2022-2022
Asif Khan,30,7,0,2022-2022
Stephan Baard,19,5,0,2022-2022
Craig Williams,18,6,0,2022-2022
Michael van Lingen,28,7,0,2022-2022
Gerhard Erasmus,40,22,0,2022-2022
JJ Smit,29,9,0,2022-2022
David Wiese,15,2,0,2022-2022
Ruben Trumpelmann,34,13,0,2022-2022
Jan Frylinck,28,11,0,2022-2022
Jan Nicol Loftie-Eaton,32,17,0,2022-2022
Bernard Scholtz,41,5,0,2022-2022
Tangeni Lungameni,22,5,0,2022-2022
Karl Birkenstock,20,8,0,2022-2022
Fayyaz Butt,23,5,0,2022-2022
Pikky Ya France,25,7,0,2022-2022
Wasim Ali,1,0,0,2022-2022
Lo-handre Louwrens,23,14,0,2022-2022
Tony Ura,61,26,0,2022-2022
Lega Siaka,47,17,0,2022-2022
Assad Vala,66,34,0,2022-2022
Charles Amini,49,21,0,2022-2022
Hiri Hiri,34,2,0,2022-2022
Chad Soper,56,14,0,2022-2022
Norman Vanua,57,16,0,2022-2022
Riley Hekure,25,6,0,2022-2022
Simon Atai,15,9,1,2022-2022
Dogodo Bau,14,8,3,2022-2022
Kabua Morea,17,5,0,2022-2022
Alei Nao,26,10,0,2022-2022
Kushal Bhurtel,44,33,0,2022-2022
Aasif Sheikh,41,28,3,2022-2022
Gyanendra Malla,37,13,0,2022-2022
Dipendra Singh Airee,50,26,0,2022-2022
Rohit Paudel,52,13,0,2022-2022
Aarif Sheikh,47,21,0,2022-2022
Binod Bhandari,17,21,1,2022-2022
Karan KC,46,6,0,2022-2022
Sompal Kami,47,10,0,2022-2022
Sandeep Lamichhane,49,8,0,2022-2022
Sagar Dhakal,8,1,0,2022-2022
Kamal Airee,3,0,0,2022-2022
Kyle Verreynne,12,9,0,2022-2022
Kagiso Rabada,89,31,0,2022-2022
Alishan Sharafu,14,8,0,2022-2022
Sese Bau,57,20,0,2022-2022
Wayne Parnell,73,13,0,2022-2022
Pawan Sarraf,8,2,0,2022-2022
Bikram Sob,5,1,0,2022-2022
Jason Kila,13,3,0,2022-2022
Anil Sah,4,3,0,2022-2022
Dev Khanal,10,6,0,2022-2022
Bhim Sharki,17,4,0,2022-2022
Semo Kamea,22,2,0,2022-2022
Nosaina Pokana,21,7,0,2022-2022
Gulsan Jha,22,5,0,2022-2022
Stephan Myburgh,22,4,0,2022-2022
Max O'Dowd,33,5,0,2022-2022
Vikramjit Singh,25,6,0,2022-2022
Michael Rippon,9,4,0,2022-2022
Logan van Beek,25,15,0,2022-2022
Martin Guptill,198,104,0,2022-2022
Henry Nicholls,66,24,0,2022-2022
Will Young,15,3,0,2022-2022
Ross Taylor,236,142,0,2022-2022
Tom Latham,130,111,15,2022-2022
Kyle Jamieson,8,2,0,2022-2022
Matt Henry,72,23,0,2022-2022
Blair Tickner,13,5,0,2022-2022
Colin de Grandhomme,45,17,0,2022-2022
Michael Bracewell,19,9,0,2022-2022
Ish Sodhi,46,10,0,2022-2022
Travis Head,54,14,0,2022-2022
Aaron Finch,146,71,0,2022-2022
Ben McDermott,5,0,0,2022-2022
Marnus Labuschagne,30,12,0,2022-2022
Marcus Stoinis,60,15,0,2022-2022
Alex Carey,64,73,8,2022-2022
Cameron Green,15,6,0,2022-2022
Sean Abbott,11,4,0,2022-2022
Nathan Ellis,4,0,0,2022-2022
Fakhar Zaman,70,33,0,2022-2022
Imam-ul-Haq,59,10,0,2022-2022
Babar Azam,100,45,0,2022-2022
Saud Shakeel,5,2,0,2022-2022
Mohammad Rizwan,57,52,2,2022-2022
Iftikhar Ahmed,12,11,0,2022-2022
Khushdil Shah,10,6,0,2022-2022
Hasan Ali,60,13,0,2022-2022
Mohammad Wasim,14,2,0,2022-2022
Haris Rauf,22,8,0,2022-2022
Zahid Mahmood,4,0,0,2022-2022
Adam Zampa,79,16,0,2022-2022
Mitchell Swepson,3,0,0,2022-2022
Shaheen Shah Afridi,36,7,0,2022-2022
Doug Bracewell,21,5,0,2022-2022
Jason Behrendorff,12,3,0,2022-2022
Kyle Coetzer,89,26,0,2022-2022
Matthew Cross,90,118,7,2022-2022
Calum MacLeod,88,53,0,2022-2022
Richie Berrington,112,38,0,2022-2022
George Munsey,53,26,0,2022-2022
Safyaan Sharif,77,20,0,2022-2022
Hamza Tahir,31,5,0,2022-2022
Gavin Main,14,7,0,2022-2022
Michael Leask,69,30,0,2022-2022
Mark Watt,61,16,0,2022-2022
Dylan Budge,17,8,0,2022-2022
Adrian Neill,9,3,0,2022-2022
Christopher McBride,18,5,0,2022-2022
Steven Taylor,45,20,0,2022-2022
Sushant Modani,31,3,0,2022-2022
Monank Patel,47,33,2,2022-2022
Aaron Jones,43,14,0,2022-2022
Gajanand Singh,32,14,0,2022-2022
Saiteja Mukkamalla,17,3,0,2022-2022
Nisarg Patel,41,7,0,2022-2022
Saurabh Netravalkar,48,15,0,2022-2022
Ali Khan,15,2,0,2022-2022
Rusty Theron,18,7,0,2022-2022
Nosthush Kenjige,40,17,0,2022-2022
Chris Greaves,23,8,0,2022-2022
Cameron Stevenson,18,3,0,2022-2022
Chris Sole,30,9,0,2022-2022
Teja Nidamanuru,20,5,0,2022-2022
Nkrumah Bonner,6,1,0,2022-2022
Anderson Phillip,5,2,0,2022-2022
Kyle Mayers,25,10,0,2022-2022
Rahul Bhatia,2,0,0,2022-2022
Shariz Ahmad,11,3,0,2022-2022
Keacy Carty,14,1,0,2022-2022
Oliver Davidson,1,0,0,2022-2022
Zawar Farid,10,1,0,2022-2022
Karthik Meiyappan,31,10,0,2022-2022
Innocent Kaia,17,4,0,2022-2022
Donald Tiripano,38,5,0,2022-2022
Tanaka Chivanga,5,1,0,2022-2022
Jayden Seales,7,1,0,2022-2022
Shermon Lewis,1,3,0,2022-2022
Rahul Jariwala,4,0,0,2022-2022
Rovman Powell,50,15,0,2022-2022
Shadab Khan,56,14,0,2022-2022
Mohammad Nawaz,28,12,0,2022-2022
Yasir Mohammad,3,0,0,2022-2022
Dion Myers,5,3,0,2022-2022
Sunil Dhamala,1,0,0,2022-2022
Subash Khakurel,6,0,1,2022-2022
Sushan Bhari,11,3,0,2022-2022
Mohammad Haris,5,4,2,2022-2022
Mohammad Aadil Alam,6,1,0,2022-2022
Shahnawaz Dahani,2,0,0,2022-2022
Keemo Paul,30,15,0,2022-2022
Danushka Gunathilaka,47,14,0,2022-2022
Dhananjaya de Silva,76,35,0,2022-2022
Wanindu Hasaranga,48,15,0,2022-2022
David Warner,142,62,0,2022-2022
Steven Smith,142,81,0,2022-2022
Glenn Maxwell,128,79,0,2022-2022
Pat Cummins,75,19,0,2022-2022
Ashton Agar,21,10,0,2022-2022
Jhye Richardson,15,5,0,2022-2022
Josh Hazlewood,69,22,0,2022-2022
Dunith Wellalage,9,3,0,2022-2022
Matthew Kuhnemann,4,2,0,2022-2022
Jason Roy,116,46,0,2022-2022
Phil Salt,14,4,0,2022-2022
Dawid Malan,18,7,0,2022-2022
Jos Buttler,165,204,34,2022-2022
Eoin Morgan,248,87,0,2022-2022
Liam Livingstone,12,6,0,2022-2022
Tom Cooper,32,17,0,2022-2022
Shane Snater,4,5,0,2022-2022
David Willey,64,26,0,2022-2022
Reece Topley,22,5,0,2022-2022
Sam Curran,23,5,0,2022-2022
Moeen Ali,129,42,0,2022-2022
Adil Rashid,125,40,0,2022-2022
Tim Pringle,4,0,0,2022-2022
Brydon Carse,9,1,0,2022-2022
Mitchell Marsh,72,31,0,2022-2022
Niroshan Dickwella,55,41,11,2022-2022
Paul van Meekeren,13,4,0,2022-2022
David Payne,1,0,0,2022-2022
Pramod Madushan,1,0,0,2022-2022
Josh Inglis,3,0,0,2022-2022
Simi Singh,35,13,0,2022-2022
Finn Allen,18,6,0,2022-2022
Glenn Phillips,16,8,0,2022-2022
Lockie Ferguson,53,12,0,2022-2022
Zane Green,33,39,4,2022-2022
Divan la Cock,16,8,0,2022-2022
Gudakesh Motie,4,1,0,2022-2022
Najmul Hossain Shanto,27,8,0,2022-2022
Nurul Hasan,6,4,3,2022-2022
Nasum Ahmed,7,1,0,2022-2022
Basir Ahamad,3,0,0,2022-2022
Mitchell Santner,93,37,0,2022-2022
Jacob Duffy,3,0,0,2022-2022
Jonny Bairstow,95,48,3,2022-2022
Joe Root,158,78,0,2022-2022
Ben Stokes,105,49,0,2022-2022
Craig Overton,7,4,0,2022-2022
Mohammed Shami,90,29,0,2022-2022
Hardik Pandya,74,30,0,2022-2022
Mosaddek Hossain,43,18,0,2022-2022
Ben Shikongo,14,3,0,2022-2022
Ravindra Jadeja,174,65,0,2022-2022
Graham Hume,10,2,0,2022-2022
Taijul Islam,18,3,0,2022-2022
Kishore Mahato,2,0,0,2022-2022
Heinrich Klaasen,36,34,5,2022-2022
Matthew Potts,1,0,0,2022-2022
Anrich Nortje,21,3,0,2022-2022
Shubman Gill,24,15,0,2022-2022
Sanju Samson,11,7,2,2022-2022
Axar Patel,51,23,0,2022-2022
Avesh Khan,5,3,0,2022-2022
Michael Jones,12,4,0,2022-2022
Dane Cleaver,1,2,0,2022-2022
Mark Chapman,12,3,0,2022-2022
Daryl Mitchell,25,10,0,2022-2022
Anamul Haque,44,12,0,2022-2022
Tarisai Musakanda,16,12,0,2022-2022
Luke Jongwe,40,12,0,2022-2022
Victor Nyauchi,10,2,0,2022-2022
Tadiwanashe Marumani,12,1,0,2022-2022
Tony Munyonga,6,1,0,2022-2022
Brad Evans,15,7,0,2022-2022
Hasan Mahmud,13,0,0,2022-2022
Ebadot Hossain,12,1,0,2022-2022
Clive Madande,9,6,1,2022-2022
Craig Wallace,32,17,2,2022-2022
Sabir Ali,4,2,0,2022-2022
Aryan Lakra,16,8,0,2022-2022
Ian Holland,15,6,0,2022-2022
Jaskaran Malhotra,18,10,1,2022-2022
Agha Salman,11,4,0,2022-2022
Wesley Barresi,45,20,8,2022-2022
Naseem Shah,8,1,0,2022-2022
Jessy Singh,24,5,0,2022-2022
Kane Williamson,161,64,0,2022-2022
Devon Conway,18,9,0,2022-2022
Tim Southee,154,43,0,2022-2022
Trent Boult,99,37,0,2022-2022
Jermaine Blackwood,3,2,0,2022-2022
Kevin Sinclair,7,6,0,2022-2022
Yannic Cariah,8,0,0,2022-2022
James Neesham,73,26,0,2022-2022
Abdullah Shafique,3,3,0,2022-2022
Mitchell Starc,110,38,0,2022-2022
Damien Ravu,18,2,0,2022-2022
Kyle Phillip,5,1,0,2022-2022
Ruturaj Gaikwad,1,0,0,2022-2022
Ravi Bishnoi,1,0,0,2022-2022
Reeza Hendricks,27,16,0,2022-2022
Bjorn Fortuin,5,0,0,2022-2022
Shahbaz Ahmed,3,1,0,2022-2022
Aayan Afzal Khan,25,1,0,2022-2022
Arjun Saud,9,5,2,2022-2022
Harishankar Shah,3,1,0,2022-2022
Lalit Rajbanshi,21,6,0,2022-2022
Hazrat Bilal,7,0,0,2022-2022
Vishnu Sukumaran,2,0,0,2022-2022
James Vince,25,10,0,2022-2022
Sam Billings,28,19,1,2022-2022
Liam Dawson,6,2,0,2022-2022
Chris Jordan,35,19,0,2022-2022
Luke Wood,1,0,0,2022-2022
Olly Stone,8,0,0,2022-2022
Chris Woakes,112,47,0,2022-2022
Gaudi Toka,22,7,0,2022-2022
Kiplin Doriga,39,19,6,2022-2022
Shayan Jahangir,12,12,1,2022-2022
Adam Milne,45,22,0,2022-2022
Arshdeep Singh,3,0,0,2022-2022
Umran Malik,8,1,0,2022-2022
Dhananjaya Lakshan,3,1,0,2022-2022
Kasun Rajitha,24,2,0,2022-2022
Lahiru Kumara,26,6,0,2022-2022
Noor Ahmad,3,1,0,2022-2022
Asitha Fernando,5,0,0,2022-2022
Brandon McMullen,15,9,0,2022-2022
Kuldeep Sen,1,0,0,2022-2022
Finn Allen,18,6,0,2023-2023
Devon Conway,18,9,0,2023-2023
Kane Williamson,161,64,0,2023-2023
Daryl Mitchell,25,10,0,2023-2023
Tom Latham,130,111,15,2023-2023
Glenn Phillips,16,8,0,2023-2023
Michael Bracewell,19,9,0,2023-2023
Mitchell Santner,93,37,0,2023-2023
Henry Shipley,8,2,0,2023-2023
Tim Southee,154,43,0,2023-2023
Lockie Ferguson,53,12,0,2023-2023
Fakhar Zaman,70,33,0,2023-2023
Imam-ul-Haq,59,10,0,2023-2023
Babar Azam,100,45,0,2023-2023
Mohammad Rizwan,57,52,2,2023-2023
Haris Sohail,45,17,0,2023-2023
Agha Salman,11,4,0,2023-2023
Naseem Shah,8,1,0,2023-2023
Haris Rauf,22,8,0,2023-2023
Mohammad Wasim,14,2,0,2023-2023
Usama Mir,6,2,0,2023-2023
Mohammad Nawaz,28,12,0,2023-2023
Rohit Sharma,243,87,0,2023-2023
Shubman Gill,24,15,0,2023-2023
Virat Kohli,274,141,0,2023-2023
Shreyas Iyer,42,16,0,2023-2023
KL Rahul,54,32,2,2023-2023
Hardik Pandya,74,30,0,2023-2023
Axar Patel,51,23,0,2023-2023
Mohammed Shami,90,29,0,2023-2023
Mohammed Siraj,24,5,0,2023-2023
Pathum Nissanka,34,12,0,2023-2023
Avishka Fernando,29,14,0,2023-2023
Kusal Mendis,106,67,3,2023-2023
Charith Asalanka,35,9,0,2023-2023
Dhananjaya de Silva,76,35,0,2023-2023
Dasun Shanaka,61,15,0,2023-2023
Wanindu Hasaranga,48,15,0,2023-2023
Dunith Wellalage,9,3,0,2023-2023
Chamika Karunaratne,23,5,0,2023-2023
Kasun Rajitha,24,2,0,2023-2023
Dilshan Madushanka,6,3,0,2023-2023
Umran Malik,8,1,0,2023-2023
Yuzvendra Chahal,72,16,0,2023-2023
Ish Sodhi,46,10,0,2023-2023
Nuwanidu Fernando,4,0,0,2023-2023
Lahiru Kumara,26,6,0,2023-2023
Kuldeep Yadav,81,12,0,2023-2023
Shan Masood,9,2,0,2023-2023
Mohammad Hasnain,9,2,0,2023-2023
Suryakumar Yadav,23,14,0,2023-2023
Ashen Bandara,6,3,0,2023-2023
Jeffrey Vandersay,20,4,0,2023-2023
Paul Stirling,154,57,0,2023-2023
Stephen Doheny,9,3,0,2023-2023
Andy Balbirnie,101,32,0,2023-2023
Harry Tector,38,20,0,2023-2023
George Dockrell,117,43,0,2023-2023
Curtis Campher,30,10,0,2023-2023
Lorcan Tucker,44,59,3,2023-2023
Wessly Madhevere,36,9,0,2023-2023
Innocent Kaia,17,4,0,2023-2023
Craig Ervine,116,54,0,2023-2023
Gary Ballance,21,13,0,2023-2023
Sikandar Raza,136,54,0,2023-2023
Ryan Burl,47,20,0,2023-2023
Clive Madande,9,6,1,2023-2023
Brad Evans,15,7,0,2023-2023
Wellington Masakadza,35,10,0,2023-2023
Richard Ngarava,39,6,0,2023-2023
Victor Nyauchi,10,2,0,2023-2023
Mark Adair,41,18,0,2023-2023
Josh Little,32,4,0,2023-2023
Graham Hume,10,2,0,2023-2023
Andy McBrine,82,32,0,2023-2023
Ishan Kishan,14,5,2,2023-2023
Washington Sundar,16,4,0,2023-2023
Shardul Thakur,35,7,0,2023-2023
Henry Nicholls,66,24,0,2023-2023
Blair Tickner,13,5,0,2023-2023
Murray Commins,2,1,0,2023-2023
Tadiwanashe Marumani,12,1,0,2023-2023
Chamu Chibhabha,109,34,0,2023-2023
Tendai Chatara,87,8,0,2023-2023
Jacob Duffy,3,0,0,2023-2023
Quinton de Kock,140,183,14,2023-2023
Temba Bavuma,26,22,0,2023-2023
Rassie van der Dussen,45,19,0,2023-2023
Aiden Markram,50,20,0,2023-2023
Heinrich Klaasen,36,34,5,2023-2023
David Miller,155,69,0,2023-2023
Wayne Parnell,73,13,0,2023-2023
Sisanda Magala,7,2,0,2023-2023
Kagiso Rabada,89,31,0,2023-2023
Jason Roy,116,46,0,2023-2023
Dawid Malan,18,7,0,2023-2023
Ben Duckett,6,3,0,2023-2023
Harry Brook,3,0,0,2023-2023
Jos Buttler,165,204,34,2023-2023
Moeen Ali,129,42,0,2023-2023
Sam Curran,23,5,0,2023-2023
David Willey,64,26,0,2023-2023
Adil Rashid,125,40,0,2023-2023
Jofra Archer,21,6,0,2023-2023
Olly Stone,8,0,0,2023-2023
Anrich Nortje,21,3,0,2023-2023
Tabraiz Shamsi,44,8,0,2023-2023
Chris Woakes,112,47,0,2023-2023
Marco Jansen,9,3,0,2023-2023
Lungi Ngidi,45,11,0,2023-2023
Keshav Maharaj,27,4,0,2023-2023
Reece Topley,22,5,0,2023-2023
Reeza Hendricks,27,16,0,2023-2023
Lo-handre Louwrens,23,14,0,2023-2023
Karl Birkenstock,20,8,0,2023-2023
Michael van Lingen,28,7,0,2023-2023
Gerhard Erasmus,40,22,0,2023-2023
Jan Nicol Loftie-Eaton,32,17,0,2023-2023
Jan Frylinck,28,11,0,2023-2023
Zane Green,33,39,4,2023-2023
Pikky Ya France,25,7,0,2023-2023
Ruben Trumpelmann,34,13,0,2023-2023
Bernard Scholtz,41,5,0,2023-2023
Tangeni Lungameni,22,5,0,2023-2023
Kushal Bhurtel,44,33,0,2023-2023
Aasif Sheikh,41,28,3,2023-2023
Gyanendra Malla,37,13,0,2023-2023
Rohit Paudel,52,13,0,2023-2023
Kushal Malla,27,6,0,2023-2023
Dipendra Singh Airee,50,26,0,2023-2023
Sundeep Jora,5,1,0,2023-2023
Karan KC,46,6,0,2023-2023
Sandeep Lamichhane,49,8,0,2023-2023
Sompal Kami,47,10,0,2023-2023
Lalit Rajbanshi,21,6,0,2023-2023
Ben Shikongo,14,3,0,2023-2023
Kyle Coetzer,89,26,0,2023-2023
George Munsey,53,26,0,2023-2023
Brandon McMullen,15,9,0,2023-2023
Safyaan Sharif,77,20,0,2023-2023
Mark Watt,61,16,0,2023-2023
Michael Leask,69,30,0,2023-2023
Hamza Tahir,31,5,0,2023-2023
Chris Greaves,23,8,0,2023-2023
Christopher McBride,18,5,0,2023-2023
Richie Berrington,112,38,0,2023-2023
Tomas Mackintosh,10,2,0,2023-2023
Matthew Cross,90,118,7,2023-2023
Jack Jarvis,3,2,0,2023-2023
Chris Sole,30,9,0,2023-2023
Gulsan Jha,22,5,0,2023-2023
Liam Naylor,1,0,0,2023-2023
Shaun Fouch,7,3,0,2023-2023
Muhammad Waseem,45,22,0,2023-2023
Vriitya Aravind,55,34,9,2023-2023
Chirag Suri,37,10,0,2023-2023
Chundangapoyil Rizwan,41,9,0,2023-2023
Asif Khan,30,7,0,2023-2023
Rohan Mustafa,81,35,0,2023-2023
Aayan Afzal Khan,25,1,0,2023-2023
Karthik Meiyappan,31,10,0,2023-2023
Junaid Siddique,43,4,0,2023-2023
Hazrat Bilal,7,0,0,2023-2023
Zahoor Khan,59,13,0,2023-2023
Alishan Sharafu,14,8,0,2023-2023
Rahul Bhatia,2,0,0,2023-2023
Tony Ura,61,26,0,2023-2023
Kiplin Doriga,39,19,6,2023-2023
Sese Bau,57,20,0,2023-2023
Assad Vala,66,34,0,2023-2023
Charles Amini,49,21,0,2023-2023
Hiri Hiri,34,2,0,2023-2023
Chad Soper,56,14,0,2023-2023
Riley Hekure,25,6,0,2023-2023
Norman Vanua,57,16,0,2023-2023
Alei Nao,26,10,0,2023-2023
Semo Kamea,22,2,0,2023-2023
Aarif Sheikh,47,21,0,2023-2023
Pratis GC,3,1,0,2023-2023
Gaudi Toka,22,7,0,2023-2023
Hila Vare,6,7,0,2023-2023
Kabua Morea,17,5,0,2023-2023
Aryan Lakra,16,8,0,2023-2023
Tamim Iqbal,241,68,0,2023-2023
Litton Das,72,47,3,2023-2023
Najmul Hossain Shanto,27,8,0,2023-2023
Mushfiqur Rahim,251,217,54,2023-2023
Shakib Al Hasan,235,56,0,2023-2023
Mahmudullah,218,76,0,2023-2023
Afif Hossain,28,11,0,2023-2023
Mehidy Hasan Miraz,77,33,0,2023-2023
Taskin Ahmed,59,10,0,2023-2023
Taijul Islam,18,3,0,2023-2023
Mustafizur Rahman,89,15,0,2023-2023
Phil Salt,14,4,0,2023-2023
James Vince,25,10,0,2023-2023
Will Jacks,2,0,0,2023-2023
Mark Wood,59,13,0,2023-2023
Sabir Ali,4,2,0,2023-2023
Bhim Sharki,17,4,0,2023-2023
Saqib Mahmood,8,1,0,2023-2023
Ebadot Hossain,12,1,0,2023-2023
Rehan Ahmed,1,1,0,2023-2023
Zawar Farid,10,1,0,2023-2023
Ashwanth Valthapa,3,3,1,2023-2023
John Kariko,3,0,0,2023-2023
Travis Head,54,14,0,2023-2023
Mitchell Marsh,72,31,0,2023-2023
Steven Smith,142,81,0,2023-2023
Marnus Labuschagne,30,12,0,2023-2023
Josh Inglis,3,0,0,2023-2023
Cameron Green,15,6,0,2023-2023
Glenn Maxwell,128,79,0,2023-2023
Marcus Stoinis,60,15,0,2023-2023
Sean Abbott,11,4,0,2023-2023
Mitchell Starc,110,38,0,2023-2023
Adam Zampa,79,16,0,2023-2023
Ravindra Jadeja,174,65,0,2023-2023
Towhid Hridoy,9,0,0,2023-2023
Yasir Ali,9,3,0,2023-2023
Nasum Ahmed,7,1,0,2023-2023
Gareth Delany,21,9,0,2023-2023
Brandon King,31,6,0,2023-2023
Kyle Mayers,25,10,0,2023-2023
Shamarh Brooks,29,14,0,2023-2023
Shai Hope,115,120,12,2023-2023
Nicholas Pooran,61,23,2,2023-2023
Rovman Powell,50,15,0,2023-2023
Jason Holder,138,65,0,2023-2023
Akeal Hosein,38,16,0,2023-2023
Odean Smith,9,1,0,2023-2023
Alzarri Joseph,61,19,0,2023-2023
Ryan Rickelton,2,2,2,2023-2023
Tony de Zorzi,2,0,0,2023-2023
Tristan Stubbs,1,0,0,2023-2023
Bjorn Fortuin,5,0,0,2023-2023
Gerald Coetzee,2,0,0,2023-2023
Yannic Cariah,8,0,0,2023-2023
Nathan Ellis,4,0,0,2023-2023
Blessing Muzarabani,42,13,0,2023-2023
Vikramjit Singh,25,6,0,2023-2023
Max O'Dowd,33,5,0,2023-2023
Tom Cooper,32,17,0,2023-2023
Colin Ackermann,7,5,0,2023-2023
Musa Ahmad,13,4,0,2023-2023
Scott Edwards,38,36,6,2023-2023
Teja Nidamanuru,20,5,0,2023-2023
Shariz Ahmad,11,3,0,2023-2023
Paul van Meekeren,13,4,0,2023-2023
Fred Klaassen,19,5,0,2023-2023
Brandon Glover,9,3,0,2023-2023
David Warner,142,62,0,2023-2023
Alex Carey,64,73,8,2023-2023
Ashton Agar,21,10,0,2023-2023
Sean Williams,156,58,0,2023-2023
Ryan Klein,12,3,0,2023-2023
Matthew Humphreys,2,0,0,2023-2023
Hasan Mahmud,13,0,0,2023-2023
Chad Bowes,4,4,0,2023-2023
Will Young,15,3,0,2023-2023
Rachin Ravindra,5,2,0,2023-2023
Matt Henry,72,23,0,2023-2023
Angelo Mathews,221,53,0,2023-2023
Wesley Barresi,45,20,8,2023-2023
Aryan Dutt,25,3,0,2023-2023
Brandon Mavuta,9,2,0,2023-2023
Steven Taylor,45,20,0,2023-2023
Sushant Modani,31,3,0,2023-2023
Monank Patel,47,33,2,2023-2023
Aaron Jones,43,14,0,2023-2023
Gajanand Singh,32,14,0,2023-2023
Shayan Jahangir,12,12,1,2023-2023
Nisarg Patel,41,7,0,2023-2023
Jessy Singh,24,5,0,2023-2023
Nosthush Kenjige,40,17,0,2023-2023
Saurabh Netravalkar,48,15,0,2023-2023
Ali Khan,15,2,0,2023-2023
Nikolaas Davin,5,4,0,2023-2023
Michau du Preez,3,4,0,2023-2023
Rameez Shahzad,26,6,0,2023-2023
Sanchit Sharma,8,4,0,2023-2023
Aaron Johnson,5,4,0,2023-2023
Pargat Singh,5,1,0,2023-2023
Matthew Spoors,5,1,0,2023-2023
Srimantha Wijeyeratne,5,8,2,2023-2023
Nicholas Kirton,3,1,0,2023-2023
Harsh Thaker,5,2,0,2023-2023
Nikhil Dutta,6,1,0,2023-2023
Saad Bin Zafar,5,1,0,2023-2023
Ravinderpal Singh,5,4,0,2023-2023
Kaleem Sana,5,1,0,2023-2023
Harrison Carlyon,5,0,0,2023-2023
Nick Greenwood,5,4,0,2023-2023
Josh Lawrenson,5,1,0,2023-2023
Asa Tribe,5,2,0,2023-2023
Jonty Jenner,5,2,0,2023-2023
Benjamin Ward,5,3,0,2023-2023
Julius Sumerauer,5,1,0,2023-2023
Anthony Hawkins-Kay,1,0,0,2023-2023
Jake Dunford,5,2,0,2023-2023
Charles Perchard,5,0,0,2023-2023
Elliot Miles,4,0,0,2023-2023
Jeremy Gordon,10,1,0,2023-2023
Saiteja Mukkamalla,17,3,0,2023-2023
Dominic Blampied,3,0,0,2023-2023
Matiullah Khan,1,0,0,2023-2023
Tom Blundell,6,5,1,2023-2023
Vivian Kingma,18,4,0,2023-2023
Dillon Heyliger,2,0,0,2023-2023
Aryansh Sharma,7,9,0,2023-2023
Ansh Tandon,1,0,0,2023-2023
Ben Stevens,1,0,0,2023-2023
Daniel Birrell,1,0,0,2023-2023
Kashyap Prajapati,31,15,0,2023-2023
Jatinder Singh,46,15,0,2023-2023
Adeel Shafique,2,2,2,2023-2023
Zeeshan Maqsood,42,22,0,2023-2023
Mohammad Nadeem,34,6,0,2023-2023
Ayaan Khan,34,10,0,2023-2023
Sandeep Goud,36,18,0,2023-2023
Fayyaz Butt,23,5,0,2023-2023
Kaleemullah,39,9,0,2023-2023
Bilal Khan,45,4,0,2023-2023
Aqib Ilyas,25,6,0,2023-2023
Mark Chapman,12,3,0,2023-2023
Adam Milne,45,22,0,2023-2023
Shaheen Shah Afridi,36,7,0,2023-2023
Shadab Khan,56,14,0,2023-2023
Basil Hameed,37,15,0,2023-2023
Shoaib Khan,24,13,0,2023-2023
Jay Odedra,9,2,0,2023-2023
James Neesham,73,26,0,2023-2023
Abdullah Shafique,3,3,0,2023-2023
Ihsanullah,1,0,0,2023-2023
Cole McConchie,3,3,0,2023-2023
Iftikhar Ahmed,12,11,0,2023-2023
Mohammad Haris,5,4,2,2023-2023
Ben Lister,1,0,0,2023-2023
Shoriful Islam,17,2,0,2023-2023
Rony Talukdar,1,1,0,2023-2023
Mrittunjoy Chowdhury,1,2,0,2023-2023
Craig Young,39,10,0,2023-2023
Dimuth Karunaratne,44,13,0,2023-2023
Dushan Hemantha,2,0,0,2023-2023
Matheesha Pathirana,4,0,0,2023-2023
Rahmanullah Gurbaz,21,14,2,2023-2023
Ibrahim Zadran,14,3,0,2023-2023
Rahmat Shah,94,24,0,2023-2023
Hashmatullah Shahidi,59,13,0,2023-2023
Mohammad Nabi,142,61,0,2023-2023
Najibullah Zadran,88,39,0,2023-2023
Fazalhaq Farooqi,16,1,0,2023-2023
Azmatullah Omarzai,12,2,0,2023-2023
Fareed Ahmad,14,3,0,2023-2023
Mujeeb Ur Rahman,61,10,0,2023-2023
Noor Ahmad,3,1,0,2023-2023
Sadeera Samarawickrama,17,1,0,2023-2023
Dushmantha Chameera,44,7,0,2023-2023
Maheesh Theekshana,22,4,0,2023-2023
Ali Naseer,9,0,0,2023-2023
Johnson Charles,58,25,2,2023-2023
Keacy Carty,14,1,0,2023-2023
Keemo Paul,30,15,0,2023-2023
Dominic Drakes,2,1,0,2023-2023
Kavem Hodge,3,0,0,2023-2023
Roston Chase,42,18,0,2023-2023
Akeem Jordan,2,2,0,2023-2023
Lovepreet Singh,2,2,0,2023-2023
Adhitya Shetty,1,1,0,2023-2023
Gulbadin Naib,76,22,0,2023-2023
Rashid Khan,89,27,0,2023-2023
Ethan D'Souza,3,2,0,2023-2023
Muhammad Jawadullah,5,1,0,2023-2023
Alick Athanaze,1,0,0,2023-2023
Raymon Reifer,6,0,0,2023-2023
Kevin Sinclair,7,6,0,2023-2023
Joylord Gumbie,7,5,0,2023-2023
Kyle Phillip,5,1,0,2023-2023
Ben White,2,0,0,2023-2023
Bas de Leede,30,14,0,2023-2023
Saqib Zulfiqar,13,1,0,2023-2023
Logan van Beek,25,15,0,2023-2023
Clayton Floyd,9,2,0,2023-2023
Naseem Khushi,32,22,3,2023-2023
Barry McCarthy,42,12,0,2023-2023
Adrian Neill,9,3,0,2023-2023
Luke Jongwe,40,12,0,2023-2023
Abhishek Paradkar,4,0,0,2023-2023
Usman Rafiq,2,0,0,2023-2023
Romario Shepherd,22,5,0,2023-2023
Alasdair Evans,42,9,0,2023-2023
Arjun Saud,9,5,2,2023-2023
Suraj Kumar,24,18,2,2023-2023
Kishore Mahato,2,0,0,2023-2023
Mohammad Saleem,2,1,0,2023-2023
Sahan Arachchige,2,0,0,2023-2023
Mohammad Naim,4,4,0,2023-2023
Noah Croes,1,2,0,2023-2023
Abdul Rahman,1,0,0,2023-2023
Zia-ur-Rehman,1,0,0,2023-2023
