,Team_1,Team_2,Winner,Margin,Ground,Match_Date,Match_id,odi_year
0,New Zealand,Pakistan,New Zealand,61 runs,Wellington,6-Jan-18,ODI # 3946,2018-2018
1,New Zealand,Pakistan,New Zealand,8 wickets,Nelson,9-Jan-18,ODI # 3947,2018-2018
2,U.A.E.,Ireland,Ireland,4 wickets,ICCA Dubai,11-Jan-18,ODI # 3948,2018-2018
3,New Zealand,Pakistan,New Zealand,183 runs,Dunedin,13-Jan-18,ODI # 3949,2018-2018
4,U.A.E.,Ireland,Ireland,67 runs,ICCA Dubai,13-Jan-18,ODI # 3950,2018-2018
5,Australia,England,England,5 wickets,Melbourne,14-Jan-18,ODI # 3951,2018-2018
6,Bangladesh,Zimbabwe,Bangladesh,8 wickets,Mirpur,15-Jan-18,ODI # 3952,2018-2018
7,New Zealand,Pakistan,New Zealand,5 wickets,Hamilton,16-Jan-18,ODI # 3953,2018-2018
8,Ireland,Scotland,Ireland,6 wickets,ICCA Dubai,16-Jan-18,ODI # 3954,2018-2018
9,Sri Lanka,Zimbabwe,Zimbabwe,12 runs,Mirpur,17-Jan-18,ODI # 3955,2018-2018
10,Ireland,Scotland,Ireland,24 runs,ICCA Dubai,18-Jan-18,ODI # 3956,2018-2018
11,New Zealand,Pakistan,New Zealand,15 runs,Wellington,19-Jan-18,ODI # 3957,2018-2018
12,Australia,England,England,4 wickets,Brisbane,19-Jan-18,ODI # 3958,2018-2018
13,Bangladesh,Sri Lanka,Bangladesh,163 runs,Mirpur,19-Jan-18,ODI # 3959,2018-2018
14,Australia,England,England,16 runs,Sydney,21-Jan-18,ODI # 3960,2018-2018
15,U.A.E.,Scotland,Scotland,31 runs,ICCA Dubai,21-Jan-18,ODI # 3961,2018-2018
16,Sri Lanka,Zimbabwe,Sri Lanka,5 wickets,Mirpur,21-Jan-18,ODI # 3962,2018-2018
17,U.A.E.,Scotland,U.A.E.,4 wickets,ICCA Dubai,23-Jan-18,ODI # 3963,2018-2018
18,Bangladesh,Zimbabwe,Bangladesh,91 runs,Mirpur,23-Jan-18,ODI # 3964,2018-2018
19,Bangladesh,Sri Lanka,Sri Lanka,10 wickets,Mirpur,25-Jan-18,ODI # 3965,2018-2018
20,Australia,England,Australia,3 wickets,Adelaide,26-Jan-18,ODI # 3966,2018-2018
21,Bangladesh,Sri Lanka,Sri Lanka,79 runs,Mirpur,27-Jan-18,ODI # 3967,2018-2018
22,Australia,England,England,12 runs,Perth,28-Jan-18,ODI # 3968,2018-2018
23,South Africa,India,India,6 wickets,Durban,1-Feb-18,ODI # 3969,2018-2018
24,South Africa,India,India,9 wickets,Centurion,4-Feb-18,ODI # 3970,2018-2018
25,South Africa,India,India,124 runs,Cape Town,7-Feb-18,ODI # 3971,2018-2018
26,Afghanistan,Zimbabwe,Afghanistan,154 runs,Sharjah,9-Feb-18,ODI # 3972,2018-2018
27,South Africa,India,South Africa,5 wickets,Johannesburg,10-Feb-18,ODI # 3973,2018-2018
28,Afghanistan,Zimbabwe,Zimbabwe,154 runs,Sharjah,11-Feb-18,ODI # 3974,2018-2018
29,Afghanistan,Zimbabwe,Afghanistan,6 wickets,Sharjah,13-Feb-18,ODI # 3975,2018-2018
30,South Africa,India,India,73 runs,Gqeberha,13-Feb-18,ODI # 3976,2018-2018
31,Afghanistan,Zimbabwe,Afghanistan,10 wickets,Sharjah,16-Feb-18,ODI # 3977,2018-2018
32,South Africa,India,India,8 wickets,Centurion,16-Feb-18,ODI # 3978,2018-2018
33,Afghanistan,Zimbabwe,Afghanistan,146 runs,Sharjah,19-Feb-18,ODI # 3979,2018-2018
34,New Zealand,England,New Zealand,3 wickets,Hamilton,25-Feb-18,ODI # 3980,2018-2018
35,New Zealand,England,England,6 wickets,Mount Maunganui,28-Feb-18,ODI # 3981,2018-2018
36,New Zealand,England,England,4 runs,Wellington,3-Mar-18,ODI # 3982,2018-2018
37,Afghanistan,Scotland,Scotland,7 wickets,Bulawayo,4-Mar-18,ODI # 3983,2018-2018
38,P.N.G.,U.A.E.,U.A.E.,56 runs,Harare,4-Mar-18,ODI # 3984,2018-2018
39,Hong Kong,Scotland,Scotland,4 wickets,Bulawayo,6-Mar-18,ODI # 3985,2018-2018
40,Ireland,P.N.G.,Ireland,4 wickets,Harare,6-Mar-18,ODI # 3986,2018-2018
41,U.A.E.,West Indies,West Indies,60 runs,Harare,6-Mar-18,ODI # 3987,2018-2018
42,Zimbabwe,Afghanistan,Zimbabwe,2 runs,Bulawayo,6-Mar-18,ODI # 3988,2018-2018
43,New Zealand,England,New Zealand,5 wickets,Dunedin,7-Mar-18,ODI # 3989,2018-2018
44,Afghanistan,Hong Kong,Hong Kong,30 runs,Bulawayo,8-Mar-18,ODI # 3990,2018-2018
45,P.N.G.,West Indies,West Indies,6 wickets,Harare,8-Mar-18,ODI # 3991,2018-2018
46,New Zealand,England,England,7 wickets,Christchurch,10-Mar-18,ODI # 3992,2018-2018
47,Ireland,West Indies,West Indies,52 runs,Harare,10-Mar-18,ODI # 3993,2018-2018
48,Zimbabwe,Hong Kong,Zimbabwe,89 runs,Bulawayo,10-Mar-18,ODI # 3994,2018-2018
49,Ireland,U.A.E.,Ireland,226 runs,Harare,12-Mar-18,ODI # 3995,2018-2018
50,Zimbabwe,Scotland,tied,-,Bulawayo,12-Mar-18,ODI # 3996,2018-2018
51,Afghanistan,West Indies,Afghanistan,3 wickets,Harare,15-Mar-18,ODI # 3997,2018-2018
52,Scotland,U.A.E.,Scotland,73 runs,Bulawayo,15-Mar-18,ODI # 3998,2018-2018
53,Zimbabwe,Ireland,Zimbabwe,107 runs,Harare,16-Mar-18,ODI # 3999,2018-2018
54,Hong Kong,P.N.G.,P.N.G.,58 runs,Harare,17-Mar-18,ODI # 4000,2018-2018
55,Ireland,Scotland,Ireland,25 runs,Harare,18-Mar-18,ODI # 4001,2018-2018
56,Zimbabwe,West Indies,West Indies,4 wickets,Harare,19-Mar-18,ODI # 4002,2018-2018
57,Afghanistan,U.A.E.,Afghanistan,5 wickets,Harare,20-Mar-18,ODI # 4003,2018-2018
58,Scotland,West Indies,West Indies,5 runs,Harare,21-Mar-18,ODI # 4004,2018-2018
59,Zimbabwe,U.A.E.,U.A.E.,3 runs,Harare,22-Mar-18,ODI # 4005,2018-2018
60,Afghanistan,Ireland,Afghanistan,5 wickets,Harare,23-Mar-18,ODI # 4006,2018-2018
61,Afghanistan,West Indies,Afghanistan,7 wickets,Harare,25-Mar-18,ODI # 4007,2018-2018
62,Scotland,England,Scotland,6 runs,Edinburgh,10-Jun-18,ODI # 4008,2018-2018
63,England,Australia,England,3 wickets,The Oval,13-Jun-18,ODI # 4009,2018-2018
64,England,Australia,England,38 runs,Cardiff,16-Jun-18,ODI # 4010,2018-2018
65,England,Australia,England,242 runs,Nottingham,19-Jun-18,ODI # 4011,2018-2018
66,England,Australia,England,6 wickets,Chester-le-Street,21-Jun-18,ODI # 4012,2018-2018
67,England,Australia,England,1 wicket,Manchester,24-Jun-18,ODI # 4013,2018-2018
68,England,India,India,8 wickets,Nottingham,12-Jul-18,ODI # 4014,2018-2018
69,Zimbabwe,Pakistan,Pakistan,201 runs,Bulawayo,13-Jul-18,ODI # 4015,2018-2018
70,England,India,England,86 runs,Lord's,14-Jul-18,ODI # 4016,2018-2018
71,Zimbabwe,Pakistan,Pakistan,9 wickets,Bulawayo,16-Jul-18,ODI # 4017,2018-2018
72,England,India,England,8 wickets,Leeds,17-Jul-18,ODI # 4018,2018-2018
73,Zimbabwe,Pakistan,Pakistan,9 wickets,Bulawayo,18-Jul-18,ODI # 4019,2018-2018
74,Zimbabwe,Pakistan,Pakistan,244 runs,Bulawayo,20-Jul-18,ODI # 4020,2018-2018
75,Zimbabwe,Pakistan,Pakistan,131 runs,Bulawayo,22-Jul-18,ODI # 4021,2018-2018
76,West Indies,Bangladesh,Bangladesh,48 runs,Providence,22-Jul-18,ODI # 4022,2018-2018
77,West Indies,Bangladesh,West Indies,3 runs,Providence,25-Jul-18,ODI # 4023,2018-2018
78,West Indies,Bangladesh,Bangladesh,18 runs,Basseterre,28-Jul-18,ODI # 4024,2018-2018
79,Sri Lanka,South Africa,South Africa,5 wickets,Dambulla,29-Jul-18,ODI # 4025,2018-2018
80,Netherlands,Nepal,Netherlands,55 runs,Amstelveen,1-Aug-18,ODI # 4026,2018-2018
81,Sri Lanka,South Africa,South Africa,4 wickets,Dambulla,1-Aug-18,ODI # 4027,2018-2018
82,Netherlands,Nepal,Nepal,1 run,Amstelveen,3-Aug-18,ODI # 4028,2018-2018
83,Sri Lanka,South Africa,South Africa,78 runs,Pallekele,5-Aug-18,ODI # 4029,2018-2018
84,Sri Lanka,South Africa,Sri Lanka,3 runs,Pallekele,8-Aug-18,ODI # 4030,2018-2018
85,Sri Lanka,South Africa,Sri Lanka,178 runs,Colombo (RPS),12-Aug-18,ODI # 4031,2018-2018
86,Ireland,Afghanistan,Afghanistan,29 runs,Belfast,27-Aug-18,ODI # 4032,2018-2018
87,Ireland,Afghanistan,Ireland,3 wickets,Belfast,29-Aug-18,ODI # 4033,2018-2018
88,Nepal,U.A.E.,U.A.E.,78 runs,Kuala Lumpur,30-Aug-18,ODI # 4034,2018-2018
89,Ireland,Afghanistan,Afghanistan,8 wickets,Belfast,31-Aug-18,ODI # 4035,2018-2018
90,Bangladesh,Sri Lanka,Bangladesh,137 runs,Dubai (DSC),15-Sep-18,ODI # 4036,2018-2018
91,Hong Kong,Pakistan,Pakistan,8 wickets,Dubai (DSC),16-Sep-18,ODI # 4037,2018-2018
92,Afghanistan,Sri Lanka,Afghanistan,91 runs,Abu Dhabi,17-Sep-18,ODI # 4038,2018-2018
93,Hong Kong,India,India,26 runs,Dubai (DSC),18-Sep-18,ODI # 4039,2018-2018
94,India,Pakistan,India,8 wickets,Dubai (DSC),19-Sep-18,ODI # 4040,2018-2018
95,Afghanistan,Bangladesh,Afghanistan,136 runs,Abu Dhabi,20-Sep-18,ODI # 4041,2018-2018
96,Bangladesh,India,India,7 wickets,Dubai (DSC),21-Sep-18,ODI # 4042,2018-2018
97,Afghanistan,Pakistan,Pakistan,3 wickets,Abu Dhabi,21-Sep-18,ODI # 4043,2018-2018
98,India,Pakistan,India,9 wickets,Dubai (DSC),23-Sep-18,ODI # 4044,2018-2018
99,Afghanistan,Bangladesh,Bangladesh,3 runs,Abu Dhabi,23-Sep-18,ODI # 4045,2018-2018
100,Afghanistan,India,tied,-,Dubai (DSC),25-Sep-18,ODI # 4046,2018-2018
101,Bangladesh,Pakistan,Bangladesh,37 runs,Abu Dhabi,26-Sep-18,ODI # 4047,2018-2018
102,Bangladesh,India,India,3 wickets,Dubai (DSC),28-Sep-18,ODI # 4048,2018-2018
103,South Africa,Zimbabwe,South Africa,5 wickets,Kimberley,30-Sep-18,ODI # 4049,2018-2018
104,South Africa,Zimbabwe,South Africa,120 runs,Bloemfontein,3-Oct-18,ODI # 4050,2018-2018
105,South Africa,Zimbabwe,South Africa,4 wickets,Paarl,6-Oct-18,ODI # 4051,2018-2018
106,Sri Lanka,England,no result,-,Dambulla,10-Oct-18,ODI # 4052,2018-2018
107,Sri Lanka,England,England,31 runs,Dambulla,13-Oct-18,ODI # 4053,2018-2018
108,Sri Lanka,England,England,7 wickets,Pallekele,17-Oct-18,ODI # 4054,2018-2018
109,Sri Lanka,England,England,18 runs,Pallekele,20-Oct-18,ODI # 4055,2018-2018
110,India,West Indies,India,8 wickets,Guwahati,21-Oct-18,ODI # 4056,2018-2018
111,Bangladesh,Zimbabwe,Bangladesh,28 runs,Mirpur,21-Oct-18,ODI # 4057,2018-2018
112,Sri Lanka,England,Sri Lanka,219 runs,Colombo (RPS),23-Oct-18,ODI # 4058,2018-2018
113,India,West Indies,tied,-,Visakhapatnam,24-Oct-18,ODI # 4059,2018-2018
114,Bangladesh,Zimbabwe,Bangladesh,7 wickets,Chattogram,24-Oct-18,ODI # 4060,2018-2018
115,Bangladesh,Zimbabwe,Bangladesh,7 wickets,Chattogram,26-Oct-18,ODI # 4061,2018-2018
116,India,West Indies,West Indies,43 runs,Pune,27-Oct-18,ODI # 4062,2018-2018
117,India,West Indies,India,224 runs,Brabourne,29-Oct-18,ODI # 4063,2018-2018
118,India,West Indies,India,9 wickets,Thiruvananthapuram,1-Nov-18,ODI # 4064,2018-2018
119,Australia,South Africa,South Africa,6 wickets,Perth,4-Nov-18,ODI # 4065,2018-2018
120,New Zealand,Pakistan,New Zealand,47 runs,Abu Dhabi,7-Nov-18,ODI # 4066,2018-2018
121,Australia,South Africa,Australia,7 runs,Adelaide,9-Nov-18,ODI # 4067,2018-2018
122,New Zealand,Pakistan,Pakistan,6 wickets,Abu Dhabi,9-Nov-18,ODI # 4068,2018-2018
123,Australia,South Africa,South Africa,40 runs,Hobart,11-Nov-18,ODI # 4069,2018-2018
124,New Zealand,Pakistan,no result,-,Dubai (DSC),11-Nov-18,ODI # 4070,2018-2018
125,Bangladesh,West Indies,Bangladesh,5 wickets,Mirpur,9-Dec-18,ODI # 4071,2018-2018
126,Bangladesh,West Indies,West Indies,4 wickets,Mirpur,11-Dec-18,ODI # 4072,2018-2018
127,Bangladesh,West Indies,Bangladesh,8 wickets,Sylhet,14-Dec-18,ODI # 4073,2018-2018
128,New Zealand,Sri Lanka,New Zealand,45 runs,Mount Maunganui,3-Jan-19,ODI # 4074,2019-2019
129,New Zealand,Sri Lanka,New Zealand,21 runs,Mount Maunganui,5-Jan-19,ODI # 4075,2019-2019
130,New Zealand,Sri Lanka,New Zealand,115 runs,Nelson,8-Jan-19,ODI # 4076,2019-2019
131,Australia,India,Australia,34 runs,Sydney,12-Jan-19,ODI # 4077,2019-2019
132,Australia,India,India,6 wickets,Adelaide,15-Jan-19,ODI # 4078,2019-2019
133,Australia,India,India,7 wickets,Melbourne,18-Jan-19,ODI # 4079,2019-2019
134,South Africa,Pakistan,Pakistan,5 wickets,Gqeberha,19-Jan-19,ODI # 4080,2019-2019
135,South Africa,Pakistan,South Africa,5 wickets,Durban,22-Jan-19,ODI # 4081,2019-2019
136,New Zealand,India,India,8 wickets,Napier,23-Jan-19,ODI # 4082,2019-2019
137,U.A.E.,Nepal,U.A.E.,3 wickets,ICCA Dubai,25-Jan-19,ODI # 4083,2019-2019
138,South Africa,Pakistan,South Africa,13 runs,Centurion,25-Jan-19,ODI # 4084,2019-2019
139,New Zealand,India,India,90 runs,Mount Maunganui,26-Jan-19,ODI # 4085,2019-2019
140,U.A.E.,Nepal,Nepal,145 runs,ICCA Dubai,26-Jan-19,ODI # 4086,2019-2019
141,South Africa,Pakistan,Pakistan,8 wickets,Johannesburg,27-Jan-19,ODI # 4087,2019-2019
142,New Zealand,India,India,7 wickets,Mount Maunganui,28-Jan-19,ODI # 4088,2019-2019
143,U.A.E.,Nepal,Nepal,4 wickets,ICCA Dubai,28-Jan-19,ODI # 4089,2019-2019
144,South Africa,Pakistan,South Africa,7 wickets,Cape Town,30-Jan-19,ODI # 4090,2019-2019
145,New Zealand,India,New Zealand,8 wickets,Hamilton,31-Jan-19,ODI # 4091,2019-2019
146,New Zealand,India,India,35 runs,Wellington,3-Feb-19,ODI # 4092,2019-2019
147,New Zealand,Bangladesh,New Zealand,8 wickets,Napier,13-Feb-19,ODI # 4093,2019-2019
148,New Zealand,Bangladesh,New Zealand,8 wickets,Christchurch,16-Feb-19,ODI # 4094,2019-2019
149,New Zealand,Bangladesh,New Zealand,88 runs,Dunedin,20-Feb-19,ODI # 4095,2019-2019
150,West Indies,England,England,6 wickets,Bridgetown,20-Feb-19,ODI # 4096,2019-2019
151,West Indies,England,West Indies,26 runs,Bridgetown,22-Feb-19,ODI # 4097,2019-2019
152,West Indies,England,no result,-,St George's,25-Feb-19,ODI # 4098,2019-2019
153,West Indies,England,England,29 runs,St George's,27-Feb-19,ODI # 4099,2019-2019
154,Afghanistan,Ireland,Afghanistan,5 wickets,Dehradun,28-Feb-19,ODI # 4100,2019-2019
155,Afghanistan,Ireland,no result,-,Dehradun,2-Mar-19,ODI # 4101,2019-2019
156,India,Australia,India,6 wickets,Hyderabad,2-Mar-19,ODI # 4102,2019-2019
157,West Indies,England,West Indies,7 wickets,Gros Islet,2-Mar-19,ODI # 4103,2019-2019
158,South Africa,Sri Lanka,South Africa,8 wickets,Johannesburg,3-Mar-19,ODI # 4104,2019-2019
159,Afghanistan,Ireland,Ireland,4 wickets,Dehradun,5-Mar-19,ODI # 4105,2019-2019
160,India,Australia,India,8 runs,Nagpur,5-Mar-19,ODI # 4106,2019-2019
161,South Africa,Sri Lanka,South Africa,113 runs,Centurion,6-Mar-19,ODI # 4107,2019-2019
162,Afghanistan,Ireland,Afghanistan,109 runs,Dehradun,8-Mar-19,ODI # 4108,2019-2019
163,India,Australia,Australia,32 runs,Ranchi,8-Mar-19,ODI # 4109,2019-2019
164,Afghanistan,Ireland,Ireland,5 wickets,Dehradun,10-Mar-19,ODI # 4110,2019-2019
165,India,Australia,Australia,4 wickets,Mohali,10-Mar-19,ODI # 4111,2019-2019
166,South Africa,Sri Lanka,South Africa,71 runs,Durban,10-Mar-19,ODI # 4112,2019-2019
167,India,Australia,Australia,35 runs,Delhi,13-Mar-19,ODI # 4113,2019-2019
168,South Africa,Sri Lanka,South Africa,6 wickets,Gqeberha,13-Mar-19,ODI # 4114,2019-2019
169,South Africa,Sri Lanka,South Africa,41 runs,Cape Town,16-Mar-19,ODI # 4115,2019-2019
170,Australia,Pakistan,Australia,8 wickets,Sharjah,22-Mar-19,ODI # 4116,2019-2019
171,Australia,Pakistan,Australia,8 wickets,Sharjah,24-Mar-19,ODI # 4117,2019-2019
172,Australia,Pakistan,Australia,80 runs,Abu Dhabi,27-Mar-19,ODI # 4118,2019-2019
173,Australia,Pakistan,Australia,6 runs,Dubai (DSC),29-Mar-19,ODI # 4119,2019-2019
174,Australia,Pakistan,Australia,20 runs,Dubai (DSC),31-Mar-19,ODI # 4120,2019-2019
175,Zimbabwe,U.A.E.,Zimbabwe,7 wickets,Harare,10-Apr-19,ODI # 4121,2019-2019
176,Zimbabwe,U.A.E.,Zimbabwe,4 runs,Harare,12-Apr-19,ODI # 4122,2019-2019
177,Zimbabwe,U.A.E.,Zimbabwe,131 runs,Harare,14-Apr-19,ODI # 4123,2019-2019
178,Zimbabwe,U.A.E.,Zimbabwe,3 wickets,Harare,16-Apr-19,ODI # 4124,2019-2019
179,Namibia,Oman,Namibia,145 runs,Windhoek,27-Apr-19,ODI # 4125,2019-2019
180,P.N.G.,U.S.A.,P.N.G.,5 wickets,Windhoek,27-Apr-19,ODI # 4126,2019-2019
181,Ireland,England,England,4 wickets,Dublin (Malahide),3-May-19,ODI # 4127,2019-2019
182,Ireland,West Indies,West Indies,196 runs,Dublin,5-May-19,ODI # 4128,2019-2019
183,Bangladesh,West Indies,Bangladesh,8 wickets,Dublin,7-May-19,ODI # 4129,2019-2019
184,England,Pakistan,no result,-,The Oval,8-May-19,ODI # 4130,2019-2019
185,Scotland,Afghanistan,Afghanistan,2 runs,Edinburgh,10-May-19,ODI # 4131,2019-2019
186,Ireland,West Indies,West Indies,5 wickets,Dublin (Malahide),11-May-19,ODI # 4132,2019-2019
187,England,Pakistan,England,12 runs,Southampton,11-May-19,ODI # 4133,2019-2019
188,Bangladesh,West Indies,Bangladesh,5 wickets,Dublin (Malahide),13-May-19,ODI # 4134,2019-2019
189,England,Pakistan,England,6 wickets,Bristol,14-May-19,ODI # 4135,2019-2019
190,Ireland,Bangladesh,Bangladesh,6 wickets,Dublin,15-May-19,ODI # 4136,2019-2019
191,Bangladesh,West Indies,Bangladesh,5 wickets,Dublin (Malahide),17-May-19,ODI # 4137,2019-2019
192,England,Pakistan,England,3 wickets,Nottingham,17-May-19,ODI # 4138,2019-2019
193,Ireland,Afghanistan,Ireland,72 runs,Belfast,19-May-19,ODI # 4139,2019-2019
194,England,Pakistan,England,54 runs,Leeds,19-May-19,ODI # 4140,2019-2019
195,Ireland,Afghanistan,Afghanistan,126 runs,Belfast,21-May-19,ODI # 4141,2019-2019
196,Scotland,Sri Lanka,Sri Lanka,35 runs,Edinburgh,21-May-19,ODI # 4142,2019-2019
197,England,South Africa,England,104 runs,The Oval,30-May-19,ODI # 4143,2019-2019
198,Pakistan,West Indies,West Indies,7 wickets,Nottingham,31-May-19,ODI # 4144,2019-2019
199,New Zealand,Sri Lanka,New Zealand,10 wickets,Cardiff,1-Jun-19,ODI # 4145,2019-2019
200,Afghanistan,Australia,Australia,7 wickets,Bristol,1-Jun-19,ODI # 4146,2019-2019
201,Bangladesh,South Africa,Bangladesh,21 runs,The Oval,2-Jun-19,ODI # 4147,2019-2019
202,England,Pakistan,Pakistan,14 runs,Nottingham,3-Jun-19,ODI # 4148,2019-2019
203,Afghanistan,Sri Lanka,Sri Lanka,34 runs,Cardiff,4-Jun-19,ODI # 4149,2019-2019
204,India,South Africa,India,6 wickets,Southampton,5-Jun-19,ODI # 4150,2019-2019
205,Bangladesh,New Zealand,New Zealand,2 wickets,The Oval,5-Jun-19,ODI # 4151,2019-2019
206,Australia,West Indies,Australia,15 runs,Nottingham,6-Jun-19,ODI # 4152,2019-2019
207,England,Bangladesh,England,106 runs,Cardiff,8-Jun-19,ODI # 4153,2019-2019
208,Afghanistan,New Zealand,New Zealand,7 wickets,Taunton,8-Jun-19,ODI # 4154,2019-2019
209,Australia,India,India,36 runs,The Oval,9-Jun-19,ODI # 4155,2019-2019
210,South Africa,West Indies,no result,-,Southampton,10-Jun-19,ODI # 4156,2019-2019
211,Australia,Pakistan,Australia,41 runs,Taunton,12-Jun-19,ODI # 4157,2019-2019
212,England,West Indies,England,8 wickets,Southampton,14-Jun-19,ODI # 4158,2019-2019
213,Australia,Sri Lanka,Australia,87 runs,The Oval,15-Jun-19,ODI # 4159,2019-2019
214,Afghanistan,South Africa,South Africa,9 wickets,Cardiff,15-Jun-19,ODI # 4160,2019-2019
215,India,Pakistan,India,89 runs,Manchester,16-Jun-19,ODI # 4161,2019-2019
216,Bangladesh,West Indies,Bangladesh,7 wickets,Taunton,17-Jun-19,ODI # 4162,2019-2019
217,England,Afghanistan,England,150 runs,Manchester,18-Jun-19,ODI # 4163,2019-2019
218,Netherlands,Zimbabwe,Netherlands,7 wickets,Deventer,19-Jun-19,ODI # 4164,2019-2019
219,New Zealand,South Africa,New Zealand,4 wickets,Birmingham,19-Jun-19,ODI # 4165,2019-2019
220,Australia,Bangladesh,Australia,48 runs,Nottingham,20-Jun-19,ODI # 4166,2019-2019
221,Netherlands,Zimbabwe,Netherlands,3 wickets,Deventer,21-Jun-19,ODI # 4167,2019-2019
222,England,Sri Lanka,Sri Lanka,20 runs,Leeds,21-Jun-19,ODI # 4168,2019-2019
223,Afghanistan,India,India,11 runs,Southampton,22-Jun-19,ODI # 4169,2019-2019
224,New Zealand,West Indies,New Zealand,5 runs,Manchester,22-Jun-19,ODI # 4170,2019-2019
225,Pakistan,South Africa,Pakistan,49 runs,Lord's,23-Jun-19,ODI # 4171,2019-2019
226,Afghanistan,Bangladesh,Bangladesh,62 runs,Southampton,24-Jun-19,ODI # 4172,2019-2019
227,England,Australia,Australia,64 runs,Lord's,25-Jun-19,ODI # 4173,2019-2019
228,New Zealand,Pakistan,Pakistan,6 wickets,Birmingham,26-Jun-19,ODI # 4174,2019-2019
229,India,West Indies,India,125 runs,Manchester,27-Jun-19,ODI # 4175,2019-2019
230,South Africa,Sri Lanka,South Africa,9 wickets,Chester-le-Street,28-Jun-19,ODI # 4176,2019-2019
231,Afghanistan,Pakistan,Pakistan,3 wickets,Leeds,29-Jun-19,ODI # 4177,2019-2019
232,Australia,New Zealand,Australia,86 runs,Lord's,29-Jun-19,ODI # 4178,2019-2019
233,England,India,England,31 runs,Birmingham,30-Jun-19,ODI # 4179,2019-2019
234,Sri Lanka,West Indies,Sri Lanka,23 runs,Chester-le-Street,1-Jul-19,ODI # 4180,2019-2019
235,Ireland,Zimbabwe,Ireland,4 wickets,Bready,1-Jul-19,ODI # 4181,2019-2019
236,Bangladesh,India,India,28 runs,Birmingham,2-Jul-19,ODI # 4182,2019-2019
237,England,New Zealand,England,119 runs,Chester-le-Street,3-Jul-19,ODI # 4183,2019-2019
238,Afghanistan,West Indies,West Indies,23 runs,Leeds,4-Jul-19,ODI # 4184,2019-2019
239,Ireland,Zimbabwe,Ireland,5 runs,Belfast,4-Jul-19,ODI # 4185,2019-2019
240,Bangladesh,Pakistan,Pakistan,94 runs,Lord's,5-Jul-19,ODI # 4186,2019-2019
241,India,Sri Lanka,India,7 wickets,Leeds,6-Jul-19,ODI # 4187,2019-2019
242,Australia,South Africa,South Africa,10 runs,Manchester,6-Jul-19,ODI # 4188,2019-2019
243,Ireland,Zimbabwe,Ireland,6 wickets,Belfast,7-Jul-19,ODI # 4189,2019-2019
244,India,New Zealand,New Zealand,18 runs,Manchester,"Jul 9-10, 2019",ODI # 4190,2019-2019
245,England,Australia,England,8 wickets,Birmingham,11-Jul-19,ODI # 4191,2019-2019
246,England,New Zealand,tied,-,Lord's,14-Jul-19,ODI # 4192,2019-2019
247,Sri Lanka,Bangladesh,Sri Lanka,91 runs,Colombo (RPS),26-Jul-19,ODI # 4193,2019-2019
248,Sri Lanka,Bangladesh,Sri Lanka,7 wickets,Colombo (RPS),28-Jul-19,ODI # 4194,2019-2019
249,Sri Lanka,Bangladesh,Sri Lanka,122 runs,Colombo (RPS),31-Jul-19,ODI # 4195,2019-2019
250,West Indies,India,no result,-,Providence,8-Aug-19,ODI # 4196,2019-2019
251,West Indies,India,India,59 runs,Port of Spain,11-Aug-19,ODI # 4197,2019-2019
252,Oman,P.N.G.,Oman,4 wickets,Aberdeen,14-Aug-19,ODI # 4198,2019-2019
253,West Indies,India,India,6 wickets,Port of Spain,14-Aug-19,ODI # 4199,2019-2019
254,Scotland,Oman,Oman,8 wickets,Aberdeen,15-Aug-19,ODI # 4200,2019-2019
255,Scotland,P.N.G.,Scotland,3 wickets,Aberdeen,17-Aug-19,ODI # 4201,2019-2019
256,Scotland,Oman,Scotland,85 runs,Aberdeen,18-Aug-19,ODI # 4202,2019-2019
257,Scotland,P.N.G.,Scotland,38 runs,Aberdeen,20-Aug-19,ODI # 4203,2019-2019
258,Oman,P.N.G.,Oman,4 wickets,Aberdeen,21-Aug-19,ODI # 4204,2019-2019
259,U.S.A.,P.N.G.,U.S.A.,5 runs,Lauderhill,13-Sep-19,ODI # 4205,2019-2019
260,U.S.A.,Namibia,U.S.A.,5 wickets,Lauderhill,17-Sep-19,ODI # 4206,2019-2019
261,U.S.A.,P.N.G.,U.S.A.,62 runs,Lauderhill,19-Sep-19,ODI # 4207,2019-2019
262,U.S.A.,Namibia,Namibia,139 runs,Lauderhill,20-Sep-19,ODI # 4208,2019-2019
263,Namibia,P.N.G.,Namibia,4 wickets,Lauderhill,22-Sep-19,ODI # 4209,2019-2019
264,Namibia,P.N.G.,Namibia,27 runs,Lauderhill,23-Sep-19,ODI # 4210,2019-2019
265,Pakistan,Sri Lanka,Pakistan,67 runs,Karachi,30-Sep-19,ODI # 4211,2019-2019
266,Pakistan,Sri Lanka,Pakistan,5 wickets,Karachi,2-Oct-19,ODI # 4212,2019-2019
267,Afghanistan,West Indies,West Indies,7 wickets,Lucknow,6-Nov-19,ODI # 4213,2019-2019
268,Afghanistan,West Indies,West Indies,47 runs,Lucknow,9-Nov-19,ODI # 4214,2019-2019
269,Afghanistan,West Indies,West Indies,5 wickets,Lucknow,11-Nov-19,ODI # 4215,2019-2019
270,U.A.E.,U.S.A.,U.S.A.,3 wickets,Sharjah,8-Dec-19,ODI # 4216,2019-2019
271,Scotland,U.S.A.,U.S.A.,35 runs,Sharjah,9-Dec-19,ODI # 4217,2019-2019
272,U.A.E.,U.S.A.,U.S.A.,98 runs,ICCA Dubai,12-Dec-19,ODI # 4218,2019-2019
273,Scotland,U.S.A.,Scotland,4 wickets,ICCA Dubai,14-Dec-19,ODI # 4219,2019-2019
274,U.A.E.,Scotland,U.A.E.,7 wickets,ICCA Dubai,15-Dec-19,ODI # 4220,2019-2019
275,India,West Indies,West Indies,8 wickets,Chennai,15-Dec-19,ODI # 4221,2019-2019
276,India,West Indies,India,107 runs,Visakhapatnam,18-Dec-19,ODI # 4222,2019-2019
277,India,West Indies,India,4 wickets,Cuttack,22-Dec-19,ODI # 4223,2019-2019
278,Oman,U.A.E.,Oman,5 wickets,Al Amerat,5-Jan-20,ODI # 4224,2020-2020
279,Namibia,U.A.E.,U.A.E.,8 runs,Al Amerat,6-Jan-20,ODI # 4225,2020-2020
280,West Indies,Ireland,West Indies,5 wickets,Bridgetown,7-Jan-20,ODI # 4226,2020-2020
281,Oman,Namibia,Namibia,52 runs,Al Amerat,8-Jan-20,ODI # 4227,2020-2020
282,Namibia,U.A.E.,U.A.E.,8 wickets,Al Amerat,9-Jan-20,ODI # 4228,2020-2020
283,West Indies,Ireland,West Indies,1 wicket,Bridgetown,9-Jan-20,ODI # 4229,2020-2020
284,West Indies,Ireland,West Indies,5 wickets,St George's,12-Jan-20,ODI # 4230,2020-2020
285,India,Australia,Australia,10 wickets,Wankhede,14-Jan-20,ODI # 4231,2020-2020
286,India,Australia,India,36 runs,Rajkot,17-Jan-20,ODI # 4232,2020-2020
287,India,Australia,India,7 wickets,Bengaluru,19-Jan-20,ODI # 4233,2020-2020
288,South Africa,England,South Africa,7 wickets,Cape Town,4-Feb-20,ODI # 4234,2020-2020
289,New Zealand,India,New Zealand,4 wickets,Hamilton,5-Feb-20,ODI # 4235,2020-2020
290,Nepal,Oman,Oman,18 runs,Kirtipur,5-Feb-20,ODI # 4236,2020-2020
291,Oman,U.S.A.,Oman,6 wickets,Kirtipur,6-Feb-20,ODI # 4237,2020-2020
292,South Africa,England,no result,-,Durban,7-Feb-20,ODI # 4238,2020-2020
293,New Zealand,India,New Zealand,22 runs,Auckland,8-Feb-20,ODI # 4239,2020-2020
294,Nepal,U.S.A.,Nepal,35 runs,Kirtipur,8-Feb-20,ODI # 4240,2020-2020
295,Nepal,Oman,Oman,8 wickets,Kirtipur,9-Feb-20,ODI # 4241,2020-2020
296,South Africa,England,England,2 wickets,Johannesburg,9-Feb-20,ODI # 4242,2020-2020
297,New Zealand,India,New Zealand,5 wickets,Mount Maunganui,11-Feb-20,ODI # 4243,2020-2020
298,Oman,U.S.A.,Oman,92 runs,Kirtipur,11-Feb-20,ODI # 4244,2020-2020
299,Nepal,U.S.A.,Nepal,8 wickets,Kirtipur,12-Feb-20,ODI # 4245,2020-2020
300,Sri Lanka,West Indies,Sri Lanka,1 wicket,Colombo (SSC),22-Feb-20,ODI # 4246,2020-2020
301,Sri Lanka,West Indies,Sri Lanka,161 runs,Hambantota,26-Feb-20,ODI # 4247,2020-2020
302,South Africa,Australia,South Africa,74 runs,Paarl,29-Feb-20,ODI # 4248,2020-2020
303,Bangladesh,Zimbabwe,Bangladesh,169 runs,Sylhet,1-Mar-20,ODI # 4249,2020-2020
304,Sri Lanka,West Indies,Sri Lanka,6 runs,Pallekele,1-Mar-20,ODI # 4250,2020-2020
305,Bangladesh,Zimbabwe,Bangladesh,4 runs,Sylhet,3-Mar-20,ODI # 4251,2020-2020
306,South Africa,Australia,South Africa,6 wickets,Bloemfontein,4-Mar-20,ODI # 4252,2020-2020
307,Bangladesh,Zimbabwe,Bangladesh,123 runs,Sylhet,6-Mar-20,ODI # 4253,2020-2020
308,South Africa,Australia,South Africa,6 wickets,Potchefstroom,7-Mar-20,ODI # 4254,2020-2020
309,Australia,New Zealand,Australia,71 runs,Sydney,13-Mar-20,ODI # 4255,2020-2020
310,England,Ireland,England,6 wickets,Southampton,30-Jul-20,ODI # 4256,2020-2020
311,England,Ireland,England,4 wickets,Southampton,1-Aug-20,ODI # 4257,2020-2020
312,England,Ireland,Ireland,7 wickets,Southampton,4-Aug-20,ODI # 4258,2020-2020
313,England,Australia,Australia,19 runs,Manchester,11-Sep-20,ODI # 4259,2020-2020
314,England,Australia,England,24 runs,Manchester,13-Sep-20,ODI # 4260,2020-2020
315,England,Australia,Australia,3 wickets,Manchester,16-Sep-20,ODI # 4261,2020-2020
316,Pakistan,Zimbabwe,Pakistan,26 runs,Rawalpindi,30-Oct-20,ODI # 4262,2020-2020
317,Pakistan,Zimbabwe,Pakistan,6 wickets,Rawalpindi,1-Nov-20,ODI # 4263,2020-2020
318,Pakistan,Zimbabwe,tied,-,Rawalpindi,3-Nov-20,ODI # 4264,2020-2020
319,Australia,India,Australia,66 runs,Sydney,27-Nov-20,ODI # 4265,2020-2020
320,Australia,India,Australia,51 runs,Sydney,29-Nov-20,ODI # 4266,2020-2020
321,Australia,India,India,13 runs,Canberra,2-Dec-20,ODI # 4267,2020-2020
322,U.A.E.,Ireland,U.A.E.,6 wickets,Abu Dhabi,8-Jan-21,ODI # 4268,2021-2021
323,U.A.E.,Ireland,Ireland,112 runs,Abu Dhabi,18-Jan-21,ODI # 4269,2021-2021
324,Bangladesh,West Indies,Bangladesh,6 wickets,Mirpur,20-Jan-21,ODI # 4270,2021-2021
325,Afghanistan,Ireland,Afghanistan,16 runs,Abu Dhabi,21-Jan-21,ODI # 4271,2021-2021
326,Bangladesh,West Indies,Bangladesh,7 wickets,Mirpur,22-Jan-21,ODI # 4272,2021-2021
327,Afghanistan,Ireland,Afghanistan,7 wickets,Abu Dhabi,24-Jan-21,ODI # 4273,2021-2021
328,Bangladesh,West Indies,Bangladesh,120 runs,Chattogram,25-Jan-21,ODI # 4274,2021-2021
329,Afghanistan,Ireland,Afghanistan,36 runs,Abu Dhabi,26-Jan-21,ODI # 4275,2021-2021
330,West Indies,Sri Lanka,West Indies,8 wickets,North Sound,10-Mar-21,ODI # 4276,2021-2021
331,West Indies,Sri Lanka,West Indies,5 wickets,North Sound,12-Mar-21,ODI # 4277,2021-2021
332,West Indies,Sri Lanka,West Indies,5 wickets,North Sound,14-Mar-21,ODI # 4278,2021-2021
333,New Zealand,Bangladesh,New Zealand,8 wickets,Dunedin,20-Mar-21,ODI # 4279,2021-2021
334,New Zealand,Bangladesh,New Zealand,5 wickets,Christchurch,23-Mar-21,ODI # 4280,2021-2021
335,India,England,India,66 runs,Pune,23-Mar-21,ODI # 4281,2021-2021
336,New Zealand,Bangladesh,New Zealand,164 runs,Wellington,26-Mar-21,ODI # 4282,2021-2021
337,India,England,England,6 wickets,Pune,26-Mar-21,ODI # 4283,2021-2021
338,India,England,India,7 runs,Pune,28-Mar-21,ODI # 4284,2021-2021
339,South Africa,Pakistan,Pakistan,3 wickets,Centurion,2-Apr-21,ODI # 4285,2021-2021
340,South Africa,Pakistan,South Africa,17 runs,Johannesburg,4-Apr-21,ODI # 4286,2021-2021
341,South Africa,Pakistan,Pakistan,28 runs,Centurion,7-Apr-21,ODI # 4287,2021-2021
342,Netherlands,Scotland,Netherlands,14 runs,Rotterdam,19-May-21,ODI # 4288,2021-2021
343,Netherlands,Scotland,Scotland,6 wickets,Rotterdam,20-May-21,ODI # 4289,2021-2021
344,Bangladesh,Sri Lanka,Bangladesh,33 runs,Mirpur,23-May-21,ODI # 4290,2021-2021
345,Bangladesh,Sri Lanka,Bangladesh,103 runs,Mirpur,25-May-21,ODI # 4291,2021-2021
346,Bangladesh,Sri Lanka,Sri Lanka,97 runs,Mirpur,28-May-21,ODI # 4292,2021-2021
347,Netherlands,Ireland,Netherlands,1 run,Utrecht,2-Jun-21,ODI # 4293,2021-2021
348,Netherlands,Ireland,Ireland,8 wickets,Utrecht,4-Jun-21,ODI # 4294,2021-2021
349,Netherlands,Ireland,Netherlands,4 wickets,Utrecht,7-Jun-21,ODI # 4295,2021-2021
350,England,Sri Lanka,England,5 wickets,Chester-le-Street,29-Jun-21,ODI # 4296,2021-2021
351,England,Sri Lanka,England,8 wickets,The Oval,1-Jul-21,ODI # 4297,2021-2021
352,England,Sri Lanka,no result,-,Bristol,4-Jul-21,ODI # 4298,2021-2021
353,England,Pakistan,England,9 wickets,Cardiff,8-Jul-21,ODI # 4299,2021-2021
354,England,Pakistan,England,52 runs,Lord's,10-Jul-21,ODI # 4300,2021-2021
355,Ireland,South Africa,no result,-,Dublin (Malahide),11-Jul-21,ODI # 4301,2021-2021
356,Ireland,South Africa,Ireland,43 runs,Dublin (Malahide),13-Jul-21,ODI # 4302,2021-2021
357,England,Pakistan,England,3 wickets,Birmingham,13-Jul-21,ODI # 4303,2021-2021
358,Zimbabwe,Bangladesh,Bangladesh,155 runs,Harare,16-Jul-21,ODI # 4304,2021-2021
359,Ireland,South Africa,South Africa,70 runs,Dublin (Malahide),16-Jul-21,ODI # 4305,2021-2021
360,Zimbabwe,Bangladesh,Bangladesh,3 wickets,Harare,18-Jul-21,ODI # 4306,2021-2021
361,Sri Lanka,India,India,7 wickets,Colombo (RPS),18-Jul-21,ODI # 4307,2021-2021
362,Zimbabwe,Bangladesh,Bangladesh,5 wickets,Harare,20-Jul-21,ODI # 4308,2021-2021
363,Sri Lanka,India,India,3 wickets,Colombo (RPS),20-Jul-21,ODI # 4309,2021-2021
364,West Indies,Australia,Australia,133 runs,Bridgetown,20-Jul-21,ODI # 4310,2021-2021
365,West Indies,Australia,West Indies,4 wickets,Bridgetown,"Jul 22-24, 2021",ODI # 4311,2021-2021
366,Sri Lanka,India,Sri Lanka,3 wickets,Colombo (RPS),23-Jul-21,ODI # 4312,2021-2021
367,West Indies,Australia,Australia,6 wickets,Bridgetown,26-Jul-21,ODI # 4313,2021-2021
368,Sri Lanka,South Africa,Sri Lanka,14 runs,Colombo (RPS),2-Sep-21,ODI # 4314,2021-2021
369,Sri Lanka,South Africa,South Africa,67 runs,Colombo (RPS),4-Sep-21,ODI # 4315,2021-2021
370,P.N.G.,U.S.A.,U.S.A.,7 wickets,Al Amerat,6-Sep-21,ODI # 4316,2021-2021
371,Nepal,P.N.G.,Nepal,2 wickets,Al Amerat,7-Sep-21,ODI # 4317,2021-2021
372,Sri Lanka,South Africa,Sri Lanka,78 runs,Colombo (RPS),7-Sep-21,ODI # 4318,2021-2021
373,Ireland,Zimbabwe,Zimbabwe,38 runs,Belfast,8-Sep-21,ODI # 4319,2021-2021
374,P.N.G.,U.S.A.,U.S.A.,134 runs,Al Amerat,9-Sep-21,ODI # 4320,2021-2021
375,Ireland,Zimbabwe,no result,-,Belfast,10-Sep-21,ODI # 4321,2021-2021
376,Nepal,P.N.G.,Nepal,151 runs,Al Amerat,10-Sep-21,ODI # 4322,2021-2021
377,Ireland,Zimbabwe,Ireland,7 wickets,Belfast,13-Sep-21,ODI # 4323,2021-2021
378,Nepal,U.S.A.,Nepal,5 wickets,Al Amerat,13-Sep-21,ODI # 4324,2021-2021
379,Oman,Nepal,Oman,5 wickets,Al Amerat,14-Sep-21,ODI # 4325,2021-2021
380,Oman,U.S.A.,Oman,4 wickets,Al Amerat,16-Sep-21,ODI # 4326,2021-2021
381,Nepal,U.S.A.,U.S.A.,6 wickets,Al Amerat,17-Sep-21,ODI # 4327,2021-2021
382,Oman,Nepal,Nepal,7 wickets,Al Amerat,19-Sep-21,ODI # 4328,2021-2021
383,Oman,U.S.A.,Oman,72 runs,Al Amerat,20-Sep-21,ODI # 4329,2021-2021
384,P.N.G.,Scotland,Scotland,6 wickets,Al Amerat,25-Sep-21,ODI # 4330,2021-2021
385,Oman,P.N.G.,Oman,110 runs,Al Amerat,26-Sep-21,ODI # 4331,2021-2021
386,Oman,Scotland,Scotland,18 runs,Al Amerat,28-Sep-21,ODI # 4332,2021-2021
387,P.N.G.,Scotland,Scotland,4 wickets,Al Amerat,29-Sep-21,ODI # 4333,2021-2021
388,Oman,P.N.G.,Oman,3 wickets,Al Amerat,1-Oct-21,ODI # 4334,2021-2021
389,Oman,Scotland,no result,-,Al Amerat,2-Oct-21,ODI # 4335,2021-2021
390,Namibia,Oman,Namibia,40 runs,Windhoek,26-Nov-21,ODI # 4336,2021-2021
391,South Africa,Netherlands,no result,-,Centurion,26-Nov-21,ODI # 4337,2021-2021
392,Namibia,Oman,Oman,9 runs,Windhoek,27-Nov-21,ODI # 4338,2021-2021
393,West Indies,Ireland,West Indies,24 runs,Kingston,8-Jan-22,ODI # 4339,2022-2022
394,West Indies,Ireland,Ireland,5 wickets,Kingston,13-Jan-22,ODI # 4340,2022-2022
395,Sri Lanka,Zimbabwe,Sri Lanka,5 wickets,Pallekele,16-Jan-22,ODI # 4341,2022-2022
396,West Indies,Ireland,Ireland,2 wickets,Kingston,16-Jan-22,ODI # 4342,2022-2022
397,Sri Lanka,Zimbabwe,Zimbabwe,22 runs,Pallekele,18-Jan-22,ODI # 4343,2022-2022
398,South Africa,India,South Africa,31 runs,Paarl,19-Jan-22,ODI # 4344,2022-2022
399,Afghanistan,Netherlands,Afghanistan,36 runs,Doha,21-Jan-22,ODI # 4345,2022-2022
400,South Africa,India,South Africa,7 wickets,Paarl,21-Jan-22,ODI # 4346,2022-2022
401,Sri Lanka,Zimbabwe,Sri Lanka,184 runs,Pallekele,21-Jan-22,ODI # 4347,2022-2022
402,Afghanistan,Netherlands,Afghanistan,48 runs,Doha,23-Jan-22,ODI # 4348,2022-2022
403,South Africa,India,South Africa,4 runs,Cape Town,23-Jan-22,ODI # 4349,2022-2022
404,Afghanistan,Netherlands,Afghanistan,75 runs,Doha,25-Jan-22,ODI # 4350,2022-2022
405,Oman,U.A.E.,U.A.E.,4 wickets,Al Amerat,5-Feb-22,ODI # 4351,2022-2022
406,Oman,U.A.E.,U.A.E.,4 wickets,Al Amerat,6-Feb-22,ODI # 4352,2022-2022
407,India,West Indies,India,6 wickets,Ahmedabad,6-Feb-22,ODI # 4353,2022-2022
408,Oman,U.A.E.,tied,-,Al Amerat,8-Feb-22,ODI # 4354,2022-2022
409,India,West Indies,India,44 runs,Ahmedabad,9-Feb-22,ODI # 4355,2022-2022
410,India,West Indies,India,96 runs,Ahmedabad,11-Feb-22,ODI # 4356,2022-2022
411,Bangladesh,Afghanistan,Bangladesh,4 wickets,Chattogram,23-Feb-22,ODI # 4357,2022-2022
412,Bangladesh,Afghanistan,Bangladesh,88 runs,Chattogram,25-Feb-22,ODI # 4358,2022-2022
413,Bangladesh,Afghanistan,Afghanistan,7 wickets,Chattogram,28-Feb-22,ODI # 4359,2022-2022
414,U.A.E.,Oman,Oman,12 runs,ICCA Dubai,5-Mar-22,ODI # 4360,2022-2022
415,Namibia,Oman,Namibia,110 runs,ICCA Dubai,6-Mar-22,ODI # 4361,2022-2022
416,U.A.E.,Namibia,U.A.E.,3 wickets,ICCA Dubai,8-Mar-22,ODI # 4362,2022-2022
417,U.A.E.,Oman,Oman,8 runs,ICCA Dubai,9-Mar-22,ODI # 4363,2022-2022
418,Namibia,Oman,Oman,7 wickets,Sharjah,11-Mar-22,ODI # 4364,2022-2022
419,U.A.E.,Namibia,U.A.E.,43 runs,Sharjah,12-Mar-22,ODI # 4365,2022-2022
420,Namibia,Oman,Namibia,5 wickets,Dubai (DSC),14-Mar-22,ODI # 4366,2022-2022
421,U.A.E.,P.N.G.,U.A.E.,7 wickets,Sharjah,15-Mar-22,ODI # 4367,2022-2022
422,Nepal,P.N.G.,Nepal,2 wickets,Sharjah,16-Mar-22,ODI # 4368,2022-2022
423,U.A.E.,Nepal,U.A.E.,48 runs,Dubai (DSC),18-Mar-22,ODI # 4369,2022-2022
424,South Africa,Bangladesh,Bangladesh,38 runs,Centurion,18-Mar-22,ODI # 4370,2022-2022
425,U.A.E.,P.N.G.,P.N.G.,6 wickets,Dubai (DSC),19-Mar-22,ODI # 4371,2022-2022
426,South Africa,Bangladesh,South Africa,7 wickets,Johannesburg,20-Mar-22,ODI # 4372,2022-2022
427,U.A.E.,Nepal,U.A.E.,99 runs,Dubai (DSC),21-Mar-22,ODI # 4373,2022-2022
428,Nepal,P.N.G.,Nepal,7 wickets,Dubai (DSC),22-Mar-22,ODI # 4374,2022-2022
429,South Africa,Bangladesh,Bangladesh,9 wickets,Centurion,23-Mar-22,ODI # 4375,2022-2022
430,Nepal,P.N.G.,P.N.G.,6 runs,Kirtipur,25-Mar-22,ODI # 4376,2022-2022
431,Nepal,P.N.G.,P.N.G.,3 wickets,Kirtipur,26-Mar-22,ODI # 4377,2022-2022
432,New Zealand,Netherlands,New Zealand,7 wickets,Mount Maunganui,29-Mar-22,ODI # 4378,2022-2022
433,Pakistan,Australia,Australia,88 runs,Lahore,29-Mar-22,ODI # 4379,2022-2022
434,Pakistan,Australia,Pakistan,6 wickets,Lahore,31-Mar-22,ODI # 4380,2022-2022
435,New Zealand,Netherlands,New Zealand,118 runs,Hamilton,2-Apr-22,ODI # 4381,2022-2022
436,Pakistan,Australia,Pakistan,9 wickets,Lahore,2-Apr-22,ODI # 4382,2022-2022
437,New Zealand,Netherlands,New Zealand,115 runs,Hamilton,4-Apr-22,ODI # 4383,2022-2022
438,P.N.G.,Scotland,Scotland,162 runs,Dubai (DSC),9-Apr-22,ODI # 4384,2022-2022
439,Oman,Scotland,Scotland,4 runs,Dubai (DSC),10-Apr-22,ODI # 4385,2022-2022
440,Oman,P.N.G.,Oman,7 wickets,Dubai (DSC),12-Apr-22,ODI # 4386,2022-2022
441,P.N.G.,Scotland,Scotland,123 runs,Dubai (DSC),13-Apr-22,ODI # 4387,2022-2022
442,Oman,Scotland,Scotland,2 wickets,Dubai (DSC),15-Apr-22,ODI # 4388,2022-2022
443,Oman,P.N.G.,Oman,85 runs,Dubai (DSC),16-Apr-22,ODI # 4389,2022-2022
444,U.S.A.,Scotland,U.S.A.,104 runs,Pearland,28-May-22,ODI # 4390,2022-2022
445,U.S.A.,Scotland,Scotland,111 runs,Pearland,29-May-22,ODI # 4391,2022-2022
446,Netherlands,West Indies,West Indies,7 wickets,Amstelveen,31-May-22,ODI # 4392,2022-2022
447,Scotland,U.A.E.,Scotland,4 wickets,Pearland,31-May-22,ODI # 4393,2022-2022
448,U.S.A.,U.A.E.,U.S.A.,4 wickets,Pearland,1-Jun-22,ODI # 4394,2022-2022
449,Netherlands,West Indies,West Indies,5 wickets,Amstelveen,2-Jun-22,ODI # 4395,2022-2022
450,Scotland,U.A.E.,U.A.E.,5 wickets,Pearland,3-Jun-22,ODI # 4396,2022-2022
451,Zimbabwe,Afghanistan,Afghanistan,60 runs,Harare,4-Jun-22,ODI # 4397,2022-2022
452,Netherlands,West Indies,West Indies,20 runs,Amstelveen,4-Jun-22,ODI # 4398,2022-2022
453,U.S.A.,U.A.E.,U.A.E.,8 wickets,Pearland,4-Jun-22,ODI # 4399,2022-2022
454,Zimbabwe,Afghanistan,Afghanistan,8 wickets,Harare,6-Jun-22,ODI # 4400,2022-2022
455,Pakistan,West Indies,Pakistan,5 wickets,Multan,8-Jun-22,ODI # 4401,2022-2022
456,U.S.A.,Oman,U.S.A.,114 runs,Pearland,8-Jun-22,ODI # 4402,2022-2022
457,Zimbabwe,Afghanistan,Afghanistan,4 wickets,Harare,9-Jun-22,ODI # 4403,2022-2022
458,Nepal,Oman,Oman,13 runs,Pearland,9-Jun-22,ODI # 4404,2022-2022
459,Pakistan,West Indies,Pakistan,120 runs,Multan,10-Jun-22,ODI # 4405,2022-2022
460,U.S.A.,Nepal,tied,-,Pearland,11-Jun-22,ODI # 4406,2022-2022
461,Pakistan,West Indies,Pakistan,53 runs,Multan,12-Jun-22,ODI # 4407,2022-2022
462,U.S.A.,Oman,Oman,13 runs,Pearland,12-Jun-22,ODI # 4408,2022-2022
463,Sri Lanka,Australia,Australia,2 wickets,Pallekele,14-Jun-22,ODI # 4409,2022-2022
464,Nepal,Oman,Nepal,7 wickets,Pearland,14-Jun-22,ODI # 4410,2022-2022
465,U.S.A.,Nepal,U.S.A.,39 runs,Pearland,15-Jun-22,ODI # 4411,2022-2022
466,Sri Lanka,Australia,Sri Lanka,26 runs,Pallekele,16-Jun-22,ODI # 4412,2022-2022
467,Netherlands,England,England,232 runs,Amstelveen,17-Jun-22,ODI # 4413,2022-2022
468,Netherlands,England,England,6 wickets,Amstelveen,19-Jun-22,ODI # 4414,2022-2022
469,Sri Lanka,Australia,Sri Lanka,6 wickets,Colombo (RPS),19-Jun-22,ODI # 4415,2022-2022
470,Sri Lanka,Australia,Sri Lanka,4 runs,Colombo (RPS),21-Jun-22,ODI # 4416,2022-2022
471,Netherlands,England,England,8 wickets,Amstelveen,22-Jun-22,ODI # 4417,2022-2022
472,Sri Lanka,Australia,Australia,4 wickets,Colombo (RPS),24-Jun-22,ODI # 4418,2022-2022
473,Ireland,New Zealand,New Zealand,1 wicket,Dublin (Malahide),10-Jul-22,ODI # 4419,2022-2022
474,Scotland,Namibia,Scotland,77 runs,Glasgow,10-Jul-22,ODI # 4420,2022-2022
475,West Indies,Bangladesh,Bangladesh,6 wickets,Providence,10-Jul-22,ODI # 4421,2022-2022
476,Namibia,Nepal,Namibia,40 runs,Ayr,11-Jul-22,ODI # 4422,2022-2022
477,Ireland,New Zealand,New Zealand,3 wickets,Dublin (Malahide),12-Jul-22,ODI # 4423,2022-2022
478,England,India,India,10 wickets,The Oval,12-Jul-22,ODI # 4424,2022-2022
479,Scotland,Nepal,Nepal,5 wickets,Glasgow,13-Jul-22,ODI # 4425,2022-2022
480,West Indies,Bangladesh,Bangladesh,9 wickets,Providence,13-Jul-22,ODI # 4426,2022-2022
481,Scotland,Namibia,Scotland,3 wickets,Glasgow,14-Jul-22,ODI # 4427,2022-2022
482,England,India,England,100 runs,Lord's,14-Jul-22,ODI # 4428,2022-2022
483,Ireland,New Zealand,New Zealand,1 run,Dublin (Malahide),15-Jul-22,ODI # 4429,2022-2022
484,Namibia,Nepal,Namibia,63 runs,Ayr,16-Jul-22,ODI # 4430,2022-2022
485,West Indies,Bangladesh,Bangladesh,4 wickets,Providence,16-Jul-22,ODI # 4431,2022-2022
486,Scotland,Nepal,Scotland,8 wickets,Glasgow,17-Jul-22,ODI # 4432,2022-2022
487,England,India,India,5 wickets,Manchester,17-Jul-22,ODI # 4433,2022-2022
488,England,South Africa,South Africa,62 runs,Chester-le-Street,19-Jul-22,ODI # 4434,2022-2022
489,England,South Africa,England,118 runs,Manchester,22-Jul-22,ODI # 4435,2022-2022
490,West Indies,India,India,3 runs,Port of Spain,22-Jul-22,ODI # 4436,2022-2022
491,England,South Africa,no result,-,Leeds,24-Jul-22,ODI # 4437,2022-2022
492,West Indies,India,India,2 wickets,Port of Spain,24-Jul-22,ODI # 4438,2022-2022
493,West Indies,India,India,119 runs,Port of Spain,27-Jul-22,ODI # 4439,2022-2022
494,Scotland,New Zealand,New Zealand,7 wickets,Edinburgh,31-Jul-22,ODI # 4440,2022-2022
495,Zimbabwe,Bangladesh,Zimbabwe,5 wickets,Harare,5-Aug-22,ODI # 4441,2022-2022
496,Zimbabwe,Bangladesh,Zimbabwe,5 wickets,Harare,7-Aug-22,ODI # 4442,2022-2022
497,Zimbabwe,Bangladesh,Bangladesh,105 runs,Harare,10-Aug-22,ODI # 4443,2022-2022
498,Scotland,U.A.E.,Scotland,64 runs,Aberdeen,10-Aug-22,ODI # 4444,2022-2022
499,U.A.E.,U.S.A.,U.S.A.,1 wicket,Aberdeen,11-Aug-22,ODI # 4445,2022-2022
500,Scotland,U.S.A.,Scotland,5 wickets,Aberdeen,13-Aug-22,ODI # 4446,2022-2022
501,Scotland,U.A.E.,Scotland,86 runs,Aberdeen,14-Aug-22,ODI # 4447,2022-2022
502,Netherlands,Pakistan,Pakistan,16 runs,Rotterdam,16-Aug-22,ODI # 4448,2022-2022
503,Scotland,U.S.A.,U.S.A.,2 wickets,Aberdeen,17-Aug-22,ODI # 4449,2022-2022
504,West Indies,New Zealand,West Indies,5 wickets,Bridgetown,17-Aug-22,ODI # 4450,2022-2022
505,Zimbabwe,India,India,10 wickets,Harare,18-Aug-22,ODI # 4451,2022-2022
506,Netherlands,Pakistan,Pakistan,7 wickets,Rotterdam,18-Aug-22,ODI # 4452,2022-2022
507,West Indies,New Zealand,New Zealand,50 runs,Bridgetown,19-Aug-22,ODI # 4453,2022-2022
508,Zimbabwe,India,India,5 wickets,Harare,20-Aug-22,ODI # 4454,2022-2022
509,Netherlands,Pakistan,Pakistan,9 runs,Rotterdam,21-Aug-22,ODI # 4455,2022-2022
510,West Indies,New Zealand,New Zealand,5 wickets,Bridgetown,21-Aug-22,ODI # 4456,2022-2022
511,Zimbabwe,India,India,13 runs,Harare,22-Aug-22,ODI # 4457,2022-2022
512,Australia,Zimbabwe,Australia,5 wickets,Townsville,28-Aug-22,ODI # 4458,2022-2022
513,Australia,Zimbabwe,Australia,8 wickets,Townsville,31-Aug-22,ODI # 4459,2022-2022
514,Australia,Zimbabwe,Zimbabwe,3 wickets,Townsville,3-Sep-22,ODI # 4460,2022-2022
515,Australia,New Zealand,Australia,2 wickets,Cairns,6-Sep-22,ODI # 4461,2022-2022
516,Australia,New Zealand,Australia,113 runs,Cairns,8-Sep-22,ODI # 4462,2022-2022
517,P.N.G.,U.S.A.,tied,-,Port Moresby,11-Sep-22,ODI # 4463,2022-2022
518,Australia,New Zealand,Australia,25 runs,Cairns,11-Sep-22,ODI # 4464,2022-2022
519,P.N.G.,U.S.A.,P.N.G.,26 runs,Port Moresby,13-Sep-22,ODI # 4465,2022-2022
520,Namibia,U.S.A.,Namibia,79 runs,Port Moresby,15-Sep-22,ODI # 4466,2022-2022
521,Namibia,U.S.A.,Namibia,68 runs,Port Moresby,17-Sep-22,ODI # 4467,2022-2022
522,P.N.G.,Namibia,Namibia,167 runs,Port Moresby,20-Sep-22,ODI # 4468,2022-2022
523,P.N.G.,Namibia,Namibia,61 runs,Port Moresby,21-Sep-22,ODI # 4469,2022-2022
524,India,South Africa,South Africa,9 runs,Lucknow,6-Oct-22,ODI # 4470,2022-2022
525,India,South Africa,India,7 wickets,Ranchi,9-Oct-22,ODI # 4471,2022-2022
526,India,South Africa,India,7 wickets,Delhi,11-Oct-22,ODI # 4472,2022-2022
527,Nepal,U.A.E.,U.A.E.,84 runs,Kirtipur,14-Nov-22,ODI # 4473,2022-2022
528,Nepal,U.A.E.,Nepal,3 wickets,Kirtipur,16-Nov-22,ODI # 4474,2022-2022
529,Australia,England,Australia,6 wickets,Adelaide,17-Nov-22,ODI # 4475,2022-2022
530,Nepal,U.A.E.,Nepal,6 wickets,Kirtipur,18-Nov-22,ODI # 4476,2022-2022
531,Australia,England,Australia,72 runs,Sydney,19-Nov-22,ODI # 4477,2022-2022
532,Namibia,P.N.G.,Namibia,8 wickets,Windhoek,19-Nov-22,ODI # 4478,2022-2022
533,Namibia,U.S.A.,U.S.A.,71 runs,Windhoek,20-Nov-22,ODI # 4479,2022-2022
534,Australia,England,Australia,221 runs,Melbourne,22-Nov-22,ODI # 4480,2022-2022
535,P.N.G.,U.S.A.,U.S.A.,6 wickets,Windhoek,22-Nov-22,ODI # 4481,2022-2022
536,Namibia,P.N.G.,Namibia,3 wickets,Windhoek,23-Nov-22,ODI # 4482,2022-2022
537,New Zealand,India,New Zealand,7 wickets,Auckland,25-Nov-22,ODI # 4483,2022-2022
538,P.N.G.,U.S.A.,U.S.A.,35 runs,Windhoek,25-Nov-22,ODI # 4484,2022-2022
539,Sri Lanka,Afghanistan,Afghanistan,60 runs,Pallekele,25-Nov-22,ODI # 4485,2022-2022
540,Namibia,U.S.A.,Namibia,6 wickets,Windhoek,26-Nov-22,ODI # 4486,2022-2022
541,New Zealand,India,no result,-,Hamilton,27-Nov-22,ODI # 4487,2022-2022
542,Sri Lanka,Afghanistan,no result,-,Pallekele,27-Nov-22,ODI # 4488,2022-2022
543,New Zealand,India,no result,-,Christchurch,30-Nov-22,ODI # 4489,2022-2022
544,Sri Lanka,Afghanistan,Sri Lanka,4 wickets,Pallekele,30-Nov-22,ODI # 4490,2022-2022
545,Namibia,Scotland,Scotland,4 wickets,Windhoek,1-Dec-22,ODI # 4491,2022-2022
546,Namibia,Nepal,no result,-,Windhoek,2-Dec-22,ODI # 4492,2022-2022
547,Bangladesh,India,Bangladesh,1 wicket,Mirpur,4-Dec-22,ODI # 4493,2022-2022
548,Nepal,Scotland,Scotland,3 wickets,Windhoek,4-Dec-22,ODI # 4494,2022-2022
549,Namibia,Scotland,Namibia,3 wickets,Windhoek,5-Dec-22,ODI # 4495,2022-2022
550,Bangladesh,India,Bangladesh,5 runs,Mirpur,7-Dec-22,ODI # 4496,2022-2022
551,Namibia,Nepal,Namibia,86 runs,Windhoek,7-Dec-22,ODI # 4497,2022-2022
552,Nepal,Scotland,Scotland,8 wickets,Windhoek,8-Dec-22,ODI # 4498,2022-2022
553,Bangladesh,India,India,227 runs,Chattogram,10-Dec-22,ODI # 4499,2022-2022
554,Pakistan,New Zealand,Pakistan,6 wickets,Karachi,9-Jan-23,ODI # 4500,2023-2023
555,India,Sri Lanka,India,67 runs,Guwahati,10-Jan-23,ODI # 4501,2023-2023
556,Pakistan,New Zealand,New Zealand,79 runs,Karachi,11-Jan-23,ODI # 4502,2023-2023
557,India,Sri Lanka,India,4 wickets,Eden Gardens,12-Jan-23,ODI # 4503,2023-2023
558,Pakistan,New Zealand,New Zealand,2 wickets,Karachi,13-Jan-23,ODI # 4504,2023-2023
559,India,Sri Lanka,India,317 runs,Thiruvananthapuram,15-Jan-23,ODI # 4505,2023-2023
560,Zimbabwe,Ireland,Zimbabwe,3 wickets,Harare,18-Jan-23,ODI # 4506,2023-2023
561,India,New Zealand,India,12 runs,Hyderabad,18-Jan-23,ODI # 4507,2023-2023
562,Zimbabwe,Ireland,Ireland,46 runs,Harare,21-Jan-23,ODI # 4508,2023-2023
563,India,New Zealand,India,8 wickets,Raipur,21-Jan-23,ODI # 4509,2023-2023
564,Zimbabwe,Ireland,no result,-,Harare,23-Jan-23,ODI # 4510,2023-2023
565,India,New Zealand,India,90 runs,Indore,24-Jan-23,ODI # 4511,2023-2023
566,South Africa,England,South Africa,27 runs,Bloemfontein,27-Jan-23,ODI # 4512,2023-2023
567,South Africa,England,South Africa,5 wickets,Bloemfontein,29-Jan-23,ODI # 4513,2023-2023
568,South Africa,England,England,59 runs,Kimberley,1-Feb-23,ODI # 4514,2023-2023
569,Nepal,Namibia,Nepal,2 wickets,Kirtipur,14-Feb-23,ODI # 4515,2023-2023
570,Namibia,Scotland,Scotland,10 wickets,Kirtipur,15-Feb-23,ODI # 4516,2023-2023
571,Nepal,Scotland,Nepal,3 wickets,Kirtipur,17-Feb-23,ODI # 4517,2023-2023
572,Nepal,Namibia,Nepal,3 wickets,Kirtipur,18-Feb-23,ODI # 4518,2023-2023
573,Namibia,Scotland,Scotland,43 runs,Kirtipur,20-Feb-23,ODI # 4519,2023-2023
574,Nepal,Scotland,Nepal,2 wickets,Kirtipur,21-Feb-23,ODI # 4520,2023-2023
575,U.A.E.,Namibia,U.A.E.,1 wicket,Dubai (DSC),23-Feb-23,ODI # 4521,2023-2023
576,U.A.E.,Namibia,Namibia,7 wickets,Dubai (DSC),25-Feb-23,ODI # 4522,2023-2023
577,Nepal,P.N.G.,Nepal,4 wickets,Dubai (DSC),27-Feb-23,ODI # 4523,2023-2023
578,U.A.E.,P.N.G.,P.N.G.,131 runs,Dubai (DSC),28-Feb-23,ODI # 4524,2023-2023
579,Bangladesh,England,England,3 wickets,Mirpur,1-Mar-23,ODI # 4525,2023-2023
580,U.A.E.,Nepal,U.A.E.,68 runs,Dubai (DSC),2-Mar-23,ODI # 4526,2023-2023
581,Nepal,P.N.G.,Nepal,3 wickets,Dubai (DSC),3-Mar-23,ODI # 4527,2023-2023
582,Bangladesh,England,England,132 runs,Mirpur,3-Mar-23,ODI # 4528,2023-2023
583,U.A.E.,P.N.G.,P.N.G.,5 wickets,Dubai (DSC),5-Mar-23,ODI # 4529,2023-2023
584,U.A.E.,Nepal,Nepal,42 runs,Dubai (DSC),6-Mar-23,ODI # 4530,2023-2023
585,Bangladesh,England,Bangladesh,50 runs,Chattogram,6-Mar-23,ODI # 4531,2023-2023
586,Nepal,P.N.G.,Nepal,52 runs,Kirtipur,9-Mar-23,ODI # 4532,2023-2023
587,P.N.G.,U.A.E.,P.N.G.,56 runs,Kirtipur,10-Mar-23,ODI # 4533,2023-2023
588,Nepal,U.A.E.,Nepal,177 runs,Kirtipur,12-Mar-23,ODI # 4534,2023-2023
589,Nepal,P.N.G.,Nepal,9 wickets,Kirtipur,13-Mar-23,ODI # 4535,2023-2023
590,P.N.G.,U.A.E.,U.A.E.,6 wickets,Kirtipur,15-Mar-23,ODI # 4536,2023-2023
591,Nepal,U.A.E.,Nepal,9 runs,Kirtipur,16-Mar-23,ODI # 4537,2023-2023
592,India,Australia,India,5 wickets,Wankhede,17-Mar-23,ODI # 4538,2023-2023
593,Bangladesh,Ireland,Bangladesh,183 runs,Sylhet,18-Mar-23,ODI # 4539,2023-2023
594,South Africa,West Indies,West Indies,48 runs,East London,18-Mar-23,ODI # 4540,2023-2023
595,India,Australia,Australia,10 wickets,Visakhapatnam,19-Mar-23,ODI # 4541,2023-2023
596,Bangladesh,Ireland,no result,-,Sylhet,20-Mar-23,ODI # 4542,2023-2023
597,Zimbabwe,Netherlands,Netherlands,3 wickets,Harare,21-Mar-23,ODI # 4543,2023-2023
598,South Africa,West Indies,South Africa,4 wickets,Potchefstroom,21-Mar-23,ODI # 4544,2023-2023
599,India,Australia,Australia,21 runs,Chennai,22-Mar-23,ODI # 4545,2023-2023
600,Zimbabwe,Netherlands,Zimbabwe,1 run,Harare,23-Mar-23,ODI # 4546,2023-2023
601,Bangladesh,Ireland,Bangladesh,10 wickets,Sylhet,23-Mar-23,ODI # 4547,2023-2023
602,New Zealand,Sri Lanka,New Zealand,198 runs,Auckland,25-Mar-23,ODI # 4548,2023-2023
603,Zimbabwe,Netherlands,Zimbabwe,7 wickets,Harare,25-Mar-23,ODI # 4549,2023-2023
604,Namibia,U.S.A.,U.S.A.,80 runs,Windhoek,26-Mar-23,ODI # 4550,2023-2023
605,P.N.G.,U.A.E.,U.A.E.,21 runs,Windhoek,27-Mar-23,ODI # 4551,2023-2023
606,Canada,Jersey,Canada,31 runs,Windhoek,27-Mar-23,ODI # 4552,2023-2023
607,Canada,U.S.A.,Canada,26 runs,Windhoek,29-Mar-23,ODI # 4553,2023-2023
608,Namibia,P.N.G.,Namibia,48 runs,Windhoek,29-Mar-23,ODI # 4554,2023-2023
609,Namibia,Jersey,Namibia,8 wickets,Windhoek,30-Mar-23,ODI # 4555,2023-2023
610,U.A.E.,U.S.A.,U.S.A.,5 wickets,Windhoek,30-Mar-23,ODI # 4556,2023-2023
611,New Zealand,Sri Lanka,New Zealand,6 wickets,Hamilton,31-Mar-23,ODI # 4557,2023-2023
612,South Africa,Netherlands,South Africa,8 wickets,Benoni,31-Mar-23,ODI # 4558,2023-2023
613,Canada,U.A.E.,U.A.E.,6 wickets,Windhoek,1-Apr-23,ODI # 4559,2023-2023
614,Jersey,P.N.G.,Jersey,11 runs,Windhoek,1-Apr-23,ODI # 4560,2023-2023
615,P.N.G.,U.S.A.,U.S.A.,117 runs,Windhoek,2-Apr-23,ODI # 4561,2023-2023
616,Namibia,U.A.E.,U.A.E.,28 runs,Windhoek,2-Apr-23,ODI # 4562,2023-2023
617,South Africa,Netherlands,South Africa,146 runs,Johannesburg,2-Apr-23,ODI # 4563,2023-2023
618,Namibia,Canada,Namibia,111 runs,Windhoek,4-Apr-23,ODI # 4564,2023-2023
619,Jersey,U.S.A.,U.S.A.,25 runs,Windhoek,4-Apr-23,ODI # 4565,2023-2023
620,Jersey,U.A.E.,U.A.E.,66 runs,Windhoek,5-Apr-23,ODI # 4566,2023-2023
621,Canada,P.N.G.,Canada,90 runs,Windhoek,5-Apr-23,ODI # 4567,2023-2023
622,Nepal,Oman,Nepal,84 runs,Kirtipur,21-Apr-23,ODI # 4568,2023-2023
623,Pakistan,New Zealand,Pakistan,5 wickets,Rawalpindi,27-Apr-23,ODI # 4569,2023-2023
624,Oman,U.A.E.,U.A.E.,2 runs,Mulpani,29-Apr-23,ODI # 4570,2023-2023
625,Pakistan,New Zealand,Pakistan,7 wickets,Rawalpindi,29-Apr-23,ODI # 4571,2023-2023
626,Nepal,U.A.E.,Nepal,7 wickets,Kirtipur,"May 1-2, 2023",ODI # 4572,2023-2023
627,Pakistan,New Zealand,Pakistan,26 runs,Karachi,3-May-23,ODI # 4573,2023-2023
628,Pakistan,New Zealand,Pakistan,102 runs,Karachi,5-May-23,ODI # 4574,2023-2023
629,Pakistan,New Zealand,New Zealand,47 runs,Karachi,7-May-23,ODI # 4575,2023-2023
630,Bangladesh,Ireland,no result,-,Chelmsford,9-May-23,ODI # 4576,2023-2023
631,Bangladesh,Ireland,Bangladesh,3 wickets,Chelmsford,12-May-23,ODI # 4577,2023-2023
632,Bangladesh,Ireland,Bangladesh,5 runs,Chelmsford,14-May-23,ODI # 4578,2023-2023
633,Sri Lanka,Afghanistan,Afghanistan,6 wickets,Hambantota,2-Jun-23,ODI # 4579,2023-2023
634,Sri Lanka,Afghanistan,Sri Lanka,132 runs,Hambantota,4-Jun-23,ODI # 4580,2023-2023
635,U.A.E.,West Indies,West Indies,7 wickets,Sharjah,4-Jun-23,ODI # 4581,2023-2023
636,U.A.E.,West Indies,West Indies,78 runs,Sharjah,6-Jun-23,ODI # 4582,2023-2023
637,Sri Lanka,Afghanistan,Sri Lanka,9 wickets,Hambantota,7-Jun-23,ODI # 4583,2023-2023
638,U.A.E.,West Indies,West Indies,4 wickets,Sharjah,9-Jun-23,ODI # 4584,2023-2023
639,Zimbabwe,Nepal,Zimbabwe,8 wickets,Harare,18-Jun-23,ODI # 4585,2023-2023
640,U.S.A.,West Indies,West Indies,39 runs,Harare,18-Jun-23,ODI # 4586,2023-2023
641,Sri Lanka,U.A.E.,Sri Lanka,175 runs,Bulawayo,19-Jun-23,ODI # 4587,2023-2023
642,Ireland,Oman,Oman,5 wickets,Bulawayo,19-Jun-23,ODI # 4588,2023-2023
643,Zimbabwe,Netherlands,Zimbabwe,6 wickets,Harare,20-Jun-23,ODI # 4589,2023-2023
644,Nepal,U.S.A.,Nepal,6 wickets,Harare,20-Jun-23,ODI # 4590,2023-2023
645,Ireland,Scotland,Scotland,1 wicket,Bulawayo,21-Jun-23,ODI # 4591,2023-2023
646,Oman,U.A.E.,Oman,5 wickets,Bulawayo,21-Jun-23,ODI # 4592,2023-2023
647,Nepal,West Indies,West Indies,101 runs,Harare,22-Jun-23,ODI # 4593,2023-2023
648,Netherlands,U.S.A.,Netherlands,5 wickets,Harare,22-Jun-23,ODI # 4594,2023-2023
649,Oman,Sri Lanka,Sri Lanka,10 wickets,Bulawayo,23-Jun-23,ODI # 4595,2023-2023
650,Scotland,U.A.E.,Scotland,111 runs,Bulawayo,23-Jun-23,ODI # 4596,2023-2023
651,Zimbabwe,West Indies,Zimbabwe,35 runs,Harare,24-Jun-23,ODI # 4597,2023-2023
652,Nepal,Netherlands,Netherlands,7 wickets,Harare,24-Jun-23,ODI # 4598,2023-2023
653,Ireland,Sri Lanka,Sri Lanka,133 runs,Bulawayo,25-Jun-23,ODI # 4599,2023-2023
654,Oman,Scotland,Scotland,76 runs,Bulawayo,25-Jun-23,ODI # 4600,2023-2023
655,Zimbabwe,U.S.A.,Zimbabwe,304 runs,Harare,26-Jun-23,ODI # 4601,2023-2023
656,Netherlands,West Indies,tied,-,Harare,26-Jun-23,ODI # 4602,2023-2023
657,Scotland,Sri Lanka,Sri Lanka,82 runs,Bulawayo,27-Jun-23,ODI # 4603,2023-2023
658,Ireland,U.A.E.,Ireland,138 runs,Bulawayo,27-Jun-23,ODI # 4604,2023-2023
659,Zimbabwe,Oman,Zimbabwe,14 runs,Bulawayo,29-Jun-23,ODI # 4605,2023-2023
660,Netherlands,Sri Lanka,Sri Lanka,21 runs,Bulawayo,30-Jun-23,ODI # 4606,2023-2023
661,Ireland,U.S.A.,Ireland,6 wickets,Harare,30-Jun-23,ODI # 4607,2023-2023
662,Scotland,West Indies,Scotland,7 wickets,Harare,1-Jul-23,ODI # 4608,2023-2023
663,Zimbabwe,Sri Lanka,Sri Lanka,9 wickets,Bulawayo,2-Jul-23,ODI # 4609,2023-2023
664,Nepal,U.A.E.,Nepal,3 wickets,Harare,2-Jul-23,ODI # 4610,2023-2023
665,Netherlands,Oman,Netherlands,74 runs,Harare,3-Jul-23,ODI # 4611,2023-2023
666,Zimbabwe,Scotland,Scotland,31 runs,Bulawayo,4-Jul-23,ODI # 4612,2023-2023
667,Ireland,Nepal,Ireland,2 wickets,Harare,4-Jul-23,ODI # 4613,2023-2023
668,Oman,West Indies,West Indies,7 wickets,Harare,5-Jul-23,ODI # 4614,2023-2023
669,Bangladesh,Afghanistan,Afghanistan,17 runs,Chattogram,5-Jul-23,ODI # 4615,2023-2023
670,Netherlands,Scotland,Netherlands,4 wickets,Bulawayo,6-Jul-23,ODI # 4616,2023-2023
671,U.A.E.,U.S.A.,U.A.E.,1 run,Harare,6-Jul-23,ODI # 4617,2023-2023
672,Sri Lanka,West Indies,Sri Lanka,8 wickets,Harare,7-Jul-23,ODI # 4618,2023-2023
673,Bangladesh,Afghanistan,Afghanistan,142 runs,Chattogram,8-Jul-23,ODI # 4619,2023-2023
674,Netherlands,Sri Lanka,Sri Lanka,128 runs,Harare,9-Jul-23,ODI # 4620,2023-2023
675,Bangladesh,Afghanistan,Bangladesh,7 wickets,Chattogram,11-Jul-23,ODI # 4621,2023-2023
